lc_group,bin,x_mean,y_mean,y_sd,y_se,n,variable,bs_id
Wetland,1,822.588172041152,4.3829301926107,4.635036409078,0.13297347275129,1215,ppt,b00
Wetland,2,884.374335473635,4.3135092727536,4.65538151388907,0.100564382722031,2143,ppt,b00
Wetland,3,962.814724208243,4.33244301067137,4.68942071069783,0.154437846317495,922,ppt,b00
Wetland,4,1033.35425411765,3.26448413557941,3.98284879740977,0.216000303261146,340,ppt,b00
Wetland,5,1125.32210964912,2.1016365087807,3.5676132043556,0.236270956333075,228,ppt,b00
Wetland,6,1193.50346627517,1.52475001385738,2.70345452101694,0.11073781196443,596,ppt,b00
Wetland,7,1254.79634735632,1.67258225213563,2.46900887398737,0.0837072403783375,870,ppt,b00
Wetland,8,1335.28492488584,2.59377384795662,3.16736902887446,0.151342746310808,438,ppt,b00
Wetland,9,1405.39391730769,1.76515753980769,1.86829188337278,0.259085468578221,52,ppt,b00
Wetland,10,1499.38184285714,1.66125542571429,1.96015358002722,0.523873080137159,14,ppt,b00
Wetland,11,1563.17446363636,1.87768591545455,2.22986637427666,0.672330008736897,11,ppt,b00
Wetland,12,1643.6826,1.20575757333333,0.814608445565263,0.210330996223612,15,ppt,b00
Wetland,13,1726.397425,1.5044507495625,1.48998423073217,0.372496057683043,16,ppt,b00
Wetland,14,1779.34094615385,1.32808857815385,1.66124976627096,0.460747785664809,13,ppt,b00
Wetland,15,1858.58452222222,1.25392817,1.17085703332565,0.390285677775218,9,ppt,b00
Non-wetland,1,821.976056792646,2.53982268625741,2.82056949463665,0.0901457919937058,979,ppt,b00
Non-wetland,2,887.991856163916,2.17842799854297,2.84163704877599,0.0677926679397939,1757,ppt,b00
Non-wetland,3,960.664693470681,1.48114578384311,1.95037917242152,0.0549021526703757,1262,ppt,b00
Non-wetland,4,1034.59111724221,1.51205321658034,1.88934986984949,0.0925218611888154,417,ppt,b00
Non-wetland,5,1122.3898095679,1.34365084017593,1.95997773340624,0.108887651855902,324,ppt,b00
Non-wetland,6,1193.89865965418,1.1021614971268,1.29274880269617,0.0490720734845159,694,ppt,b00
Non-wetland,7,1259.89359204406,1.41250355147858,1.82924255931698,0.0639970962164133,817,ppt,b00
Non-wetland,8,1337.80408359909,1.90551283948292,2.01904339143959,0.0963636834649058,439,ppt,b00
Non-wetland,9,1404.71447222222,1.48458085013889,1.60765250800299,0.189463665033412,72,ppt,b00
Non-wetland,10,1486.85514117647,0.643939401529412,0.434526004240711,0.105388036033061,17,ppt,b00
Non-wetland,11,1578.74495,1.462121215,1.78107036130691,0.476011076696294,14,ppt,b00
Non-wetland,12,1641.83216,1.290909078,1.7425342909277,0.449920419263889,15,ppt,b00
Non-wetland,13,1715.31623846154,0.782051294615385,0.648698645633568,0.17991663301199,13,ppt,b00
Non-wetland,14,1779.98993636364,0.775482125272727,1.22682505455019,0.369901671759117,11,ppt,b00
Non-wetland,15,1869.6018,0.485225063421053,0.316149051643712,0.0725295666953244,19,ppt,b00
Wetland,1,0.224516895555556,2.20244036461111,2.70418812400409,0.285046456447692,90,wet_sev_z,b00
Wetland,2,0.436036543884892,3.47364325894245,4.47374370382145,0.379457988380683,139,wet_sev_z,b00
Wetland,3,0.66268914395189,2.40732954460481,2.85651051626508,0.167451612024277,291,wet_sev_z,b00
Wetland,4,0.852093503010204,2.13491354166156,2.85791498605372,0.117858427608513,588,wet_sev_z,b00
Wetland,5,1.05926322079659,2.42140723222191,3.2713035868238,0.123379551535409,703,wet_sev_z,b00
Wetland,6,1.2661270031407,2.87239465751633,3.69956286348105,0.131127529033427,796,wet_sev_z,b00
Wetland,7,1.46218482515723,3.19645571615409,3.80008576759279,0.123032319393598,954,wet_sev_z,b00
Wetland,8,1.67158508859764,3.21460460184666,3.97141011459376,0.143774699505693,763,wet_sev_z,b00
Wetland,9,1.87499015652174,3.92447384204192,4.28498548134795,0.168852082421689,644,wet_sev_z,b00
Wetland,10,2.09350796279492,4.69611998425953,4.97532714068521,0.211956062275795,551,wet_sev_z,b00
Wetland,11,2.28792032611607,4.1131937089375,4.79147182949531,0.226375765621719,448,wet_sev_z,b00
Wetland,12,2.50400279442897,4.76019194069638,5.65377615032758,0.298394892484373,359,wet_sev_z,b00
Wetland,13,2.70718083933333,4.29616750872,4.99460821214733,0.288363839577998,300,wet_sev_z,b00
Wetland,14,2.90212931752577,4.32658153747423,4.51272516374195,0.32399478489081,194,wet_sev_z,b00
Wetland,15,3.11818843232323,5.65030101919192,4.69289492007288,0.47165368577111,99,wet_sev_z,b00
Non-wetland,1,0.229702754296875,1.55001127555208,1.69293211468896,0.122176851516929,192,wet_sev_z,b00
Non-wetland,2,0.440714287237569,2.13450060327624,2.67372963647807,0.198736758744171,181,wet_sev_z,b00
Non-wetland,3,0.660495567440945,1.97157135275197,2.21337747510318,0.138879654571553,254,wet_sev_z,b00
Non-wetland,4,0.848739904853557,1.64829563753975,2.06763670462364,0.0945715016110037,478,wet_sev_z,b00
Non-wetland,5,1.05405019662338,1.48209923843831,1.96643869254252,0.0792300727899403,616,wet_sev_z,b00
Non-wetland,6,1.26458144735294,1.52298416695441,2.13069065677093,0.0817082567903758,680,wet_sev_z,b00
Non-wetland,7,1.46912710546218,1.7617851866145,2.40324217475354,0.0778895263136422,952,wet_sev_z,b00
Non-wetland,8,1.6765701627933,1.76098130829832,2.4360594315538,0.0814284863203722,895,wet_sev_z,b00
Non-wetland,9,1.87535887947214,1.84718650723167,2.45019629155669,0.093822865072944,682,wet_sev_z,b00
Non-wetland,10,2.09102464455128,1.88009011712179,2.40758773112865,0.0963806446273521,624,wet_sev_z,b00
Non-wetland,11,2.29165506503067,1.77378114864008,2.18880855042272,0.0989813441181871,489,wet_sev_z,b00
Non-wetland,12,2.49995529769737,1.79191618634211,2.45537470573415,0.140825397510804,304,wet_sev_z,b00
Non-wetland,13,2.70638060684932,1.63291269961644,1.54619274024043,0.104482022879038,219,wet_sev_z,b00
Non-wetland,14,2.91095701013514,2.3800622877027,2.48852826031781,0.204555762938505,148,wet_sev_z,b00
Non-wetland,15,3.12218918484849,2.08521325681818,2.18730026878405,0.219831948345461,99,wet_sev_z,b00
Wetland,1,822.802687166276,4.42099199177284,4.4884254950623,0.125406329202944,1281,ppt,b01
Wetland,2,888.83332911726,4.26157961377823,4.58351398986819,0.0960543518719179,2277,ppt,b01
Wetland,3,972.311356937574,4.322404151245,4.77893037042912,0.164012465718206,849,ppt,b01
Wetland,4,1048.12637595156,3.1289990906609,4.04253478675775,0.237796163926927,289,ppt,b01
Wetland,5,1151.29803560606,1.60531282025253,2.49265948496407,0.125260852147672,396,ppt,b01
Wetland,6,1230.49013064516,1.46803119945731,2.23450264729793,0.0688272738456916,1054,ppt,b01
Wetland,7,1305.82477918089,2.5083804198942,3.12546482437199,0.129111761838449,586,ppt,b01
Wetland,8,1372.88237134146,2.6738512112561,3.44813476265416,0.269254088691288,164,ppt,b01
Wetland,9,1471.17847096774,1.6434506386129,1.56156008502697,0.280464470704225,31,ppt,b01
Wetland,10,1558.5445,1.27609429111111,1.5146311563436,0.504877052114532,9,ppt,b01
Wetland,11,1644.61485238095,2.04891776238095,2.98230436960672,0.650792167577161,21,ppt,b01
Wetland,12,1726.73475,1.21380471008333,0.891679320767268,0.257405647937902,12,ppt,b01
Wetland,13,1798.81224285714,2.12608222928571,3.22825689772497,0.862787947698326,14,ppt,b01
Wetland,14,1871.08979166667,0.7771464625,0.971215558215387,0.280365781988403,12,ppt,b01
Wetland,15,1966.99383636364,1.00757574909091,1.29123892472198,0.38932318436407,11,ppt,b01
Non-wetland,1,823.352866301748,2.55480671835327,2.87713367536775,0.0872660398814549,1087,ppt,b01
Non-wetland,2,893.889412471324,1.99353610556152,2.80959819947556,0.0641534349273703,1918,ppt,b01
Non-wetland,3,968.601006838488,1.4808004167646,2.02727921989822,0.0594206062715882,1164,ppt,b01
Non-wetland,4,1053.17162463731,1.38889612978497,1.74843688557046,0.0889930943182103,386,ppt,b01
Non-wetland,5,1148.041296,1.22879452733474,1.78133352819027,0.0817331877276015,475,ppt,b01
Non-wetland,6,1229.81072857143,1.21318620490972,1.4594524676357,0.0459684319009952,1008,ppt,b01
Non-wetland,7,1302.21555,1.81129690107042,2.28899215687403,0.096043977366801,568,ppt,b01
Non-wetland,8,1366.67131734694,1.59955594883673,1.50219971529455,0.107299979663896,196,ppt,b01
Non-wetland,9,1467.18691153846,1.43979353961538,1.3878750604703,0.27218469291411,26,ppt,b01
Non-wetland,10,1568.66815,0.939393944583333,0.607651150353491,0.175413777614987,12,ppt,b01
Non-wetland,11,1644.15773157895,0.661642738421053,0.60897657477243,0.139708807811398,19,ppt,b01
Non-wetland,12,1720.82124666667,0.386329968666667,0.232961540727775,0.0601504111696994,15,ppt,b01
Non-wetland,13,1805.62458125,0.974273992875,0.661377875608461,0.165344468902115,16,ppt,b01
Non-wetland,14,1889.95916,0.806060607,0.618612061577378,0.13832586213883,20,ppt,b01
Non-wetland,15,1962.66320384615,1.08838382730769,1.24048153430959,0.243278444219081,26,ppt,b01
Wetland,1,0.214410434622642,2.18376708721698,2.5873909467052,0.251309624692594,106,wet_sev_z,b01
Wetland,2,0.430591211125,2.63944099145625,2.91393171792092,0.230366529370935,160,wet_sev_z,b01
Wetland,3,0.657002451122807,2.16392423441754,2.62314428904583,0.155381657581647,285,wet_sev_z,b01
Wetland,4,0.843875877781629,2.14738783983882,3.14341713567966,0.130862167615949,577,wet_sev_z,b01
Wetland,5,1.05327316127572,2.52694054798903,3.34917822913975,0.124043638116287,729,wet_sev_z,b01
Wetland,6,1.2634262495098,3.00115432376348,3.6760469649037,0.128687383822656,816,wet_sev_z,b01
Wetland,7,1.45948894989562,2.98323712002296,3.49929479426043,0.113057083043214,958,wet_sev_z,b01
Wetland,8,1.66636119541284,3.38090078577981,3.91631167615907,0.141780002105878,763,wet_sev_z,b01
Wetland,9,1.87128691612403,3.48765278084496,4.36933742674453,0.172042493167901,645,wet_sev_z,b01
Wetland,10,2.09161426773649,4.57433335462838,4.62956025676305,0.190273754470244,592,wet_sev_z,b01
Wetland,11,2.29325479,4.58592901460715,5.35884128087881,0.261484679846462,420,wet_sev_z,b01
Wetland,12,2.50269430625,4.37549104225298,4.82324461471639,0.263129565978881,336,wet_sev_z,b01
Wetland,13,2.70927847160883,4.45027210246057,4.61880904324717,0.259418161016007,317,wet_sev_z,b01
Wetland,14,2.91417056030928,5.51980999953608,6.20230034440805,0.445299213446537,194,wet_sev_z,b01
Wetland,15,3.13217135371901,4.67430500549587,4.93560842221453,0.448691674746776,121,wet_sev_z,b01
Non-wetland,1,0.218487619170455,1.63417594073864,2.01340698046817,0.151766261465803,176,wet_sev_z,b01
Non-wetland,2,0.420626282160804,2.0122962518995,2.82911522956075,0.200550661303846,199,wet_sev_z,b01
Non-wetland,3,0.645262324664032,1.95097601622925,2.3381189407555,0.14699627836863,253,wet_sev_z,b01
Non-wetland,4,0.841141395578512,1.50692967161983,1.59823780549629,0.0726471729771039,484,wet_sev_z,b01
Non-wetland,5,1.05076847532283,1.63731444234803,2.08652516171797,0.0828012253178972,635,wet_sev_z,b01
Non-wetland,6,1.25575733117241,1.49885402577931,2.19058058267151,0.0813561204206538,725,wet_sev_z,b01
Non-wetland,7,1.46759871611328,1.71568839444922,2.42689042589952,0.07584032580936,1024,wet_sev_z,b01
Non-wetland,8,1.6679066375,1.79623244931585,2.58604293463876,0.0863936307938006,896,wet_sev_z,b01
Non-wetland,9,1.87751360391872,1.60348391401451,2.13522810681102,0.0813457123482206,689,wet_sev_z,b01
Non-wetland,10,2.08949227460317,1.89741700045714,2.66159362209097,0.106040428118169,630,wet_sev_z,b01
Non-wetland,11,2.28401609979424,1.71460256684979,2.2143304907729,0.100444070820005,486,wet_sev_z,b01
Non-wetland,12,2.49482282246377,1.68139458203623,2.40618468469189,0.144835297974273,276,wet_sev_z,b01
Non-wetland,13,2.7134375127193,2.0340913052807,2.45308902948116,0.162459789715454,228,wet_sev_z,b01
Non-wetland,14,2.91294965693431,2.41152399228467,2.92818813861458,0.250171995946076,137,wet_sev_z,b01
Non-wetland,15,3.11918856470588,1.88130317423529,1.97072248874892,0.213754865858912,85,wet_sev_z,b01
Wetland,1,823.121218923199,4.58371532892636,4.87980611485637,0.137309596719308,1263,ppt,b02
Wetland,2,886.802127646529,4.48586914676196,4.92856999532245,0.104650222937471,2218,ppt,b02
Wetland,3,969.137202818396,3.79367027759552,4.07045099127152,0.139779860921639,848,ppt,b02
Wetland,4,1043.83701492401,3.00568740475988,3.89289329470633,0.214622154758024,329,ppt,b02
Wetland,5,1143.81891388889,2.04497387728889,3.11726583148142,0.164294334994998,360,ppt,b02
Wetland,6,1221.6054064482,1.51548686030444,2.28165521326148,0.0741830097439823,946,ppt,b02
Wetland,7,1288.58535960265,1.9455661846457,2.64826504603973,0.10775637651171,604,ppt,b02
Wetland,8,1352.51744054054,2.77068211930502,3.11231469604458,0.193389825440332,259,ppt,b02
Wetland,9,1440.88547083333,1.56398646275,1.42554728072083,0.290988620164843,24,ppt,b02
Wetland,10,1520.68072352941,0.931532992941176,0.699855851139856,0.16973997629154,17,ppt,b02
Wetland,11,1620.16123076923,1.06981351230769,1.08196662014839,0.300083548252729,13,ppt,b02
Wetland,12,1692.35725652174,0.970960597869565,1.27270580599154,0.265377505403363,23,ppt,b02
Wetland,13,1770.8537125,1.9111426340625,1.8336959869958,0.45842399674895,16,ppt,b02
Wetland,14,1850.8686625,2.303125033125,5.8042058243229,1.45105145608072,16,ppt,b02
Wetland,15,1954.006325,1.20202020166667,1.33322119350937,0.384867807480975,12,ppt,b02
Non-wetland,1,821.744767890625,2.61489637819922,3.06456374954233,0.095767617173198,1024,ppt,b02
Non-wetland,2,891.826948819027,2.05066597359049,2.78761885529407,0.0651818287108472,1829,ppt,b02
Non-wetland,3,965.626877013396,1.45571107498188,1.84917484520529,0.0519095382759173,1269,ppt,b02
Non-wetland,4,1047.85900609819,1.66440196751163,2.65815764993094,0.135121747111048,387,ppt,b02
Non-wetland,5,1140.69450453401,1.27488632767003,1.76623324740967,0.0886447056480757,397,ppt,b02
Non-wetland,6,1219.62669727582,1.1479824037378,1.73891057510443,0.0585853858287328,881,ppt,b02
Non-wetland,7,1287.50398588589,1.67404368646396,2.17583660571475,0.0843119559022354,666,ppt,b02
Non-wetland,8,1357.2273975,2.00489012405,2.22232159943055,0.132809117739058,280,ppt,b02
Non-wetland,9,1445.07417222222,1.1759259475,1.26871598583221,0.211452664305368,36,ppt,b02
Non-wetland,10,1529.54708181818,0.952031139181818,1.012204852225,0.215802799592995,22,ppt,b02
Non-wetland,11,1608.12519230769,0.621561762076923,0.41979274678378,0.116429559507445,13,ppt,b02
Non-wetland,12,1694.64083043478,0.821146235695652,0.612933374517436,0.127805443443529,23,ppt,b02
Non-wetland,13,1781.86073888889,0.876262633333333,0.486842765448276,0.114749940273363,18,ppt,b02
Non-wetland,14,1854.64333333333,0.924873736666667,0.858780376068735,0.247908540649026,12,ppt,b02
Non-wetland,15,1942.00912380952,0.844877341904762,0.954351881105353,0.208256654037561,21,ppt,b02
Wetland,1,0.255515895929204,2.52948144545133,3.48050891674704,0.327418737057913,113,wet_sev_z,b02
Wetland,2,0.457706221333333,2.60660289918519,2.94918217666871,0.253825187892659,135,wet_sev_z,b02
Wetland,3,0.688047505675676,2.58295845535135,3.01437393429631,0.156709838734272,370,wet_sev_z,b02
Wetland,4,0.872400154312081,2.24626102633557,3.41489585815683,0.139879584612517,596,wet_sev_z,b02
Wetland,5,1.07830487913819,2.48140595011887,3.37672726835578,0.130163270685126,673,wet_sev_z,b02
Wetland,6,1.28742305248815,2.86470923538033,3.58561389485041,0.123421920186957,844,wet_sev_z,b02
Wetland,7,1.48529772502769,3.36376647385603,4.10760133807359,0.136692413448187,903,wet_sev_z,b02
Wetland,8,1.69499198981132,3.27546812189811,3.92456833117623,0.139190094827912,795,wet_sev_z,b02
Wetland,9,1.89029131941896,3.55644367401835,4.04861133458226,0.158313231003819,654,wet_sev_z,b02
Wetland,10,2.10527379021739,4.61745064162138,4.89457809345886,0.208327078368278,552,wet_sev_z,b02
Wetland,11,2.31088238418231,4.94432799246649,5.87127001221673,0.304002837737018,373,wet_sev_z,b02
Wetland,12,2.51897778071625,4.06666685033609,4.33113972624422,0.227325880622271,363,wet_sev_z,b02
Wetland,13,2.71950162798635,4.86999209030717,5.46983015295844,0.319550889526715,293,wet_sev_z,b02
Wetland,14,2.92031350529101,5.38926233285714,5.64114935850065,0.410333237172711,189,wet_sev_z,b02
Wetland,15,3.1147904104,5.3166969544,5.50552358483894,0.492428999497128,125,wet_sev_z,b02
Non-wetland,1,0.256208390732984,1.4931945056911,1.99455291216025,0.144320783615121,191,wet_sev_z,b02
Non-wetland,2,0.459447321578947,1.96498635303684,2.64491520408631,0.191882316411949,190,wet_sev_z,b02
Non-wetland,3,0.670836158487085,2.14623342681919,2.67237335410141,0.162335120368968,271,wet_sev_z,b02
Non-wetland,4,0.871255092796781,1.63380013415895,2.03058310090895,0.0910841003657091,497,wet_sev_z,b02
Non-wetland,5,1.07909915972222,1.52091569816512,1.9797842995141,0.077773272415171,648,wet_sev_z,b02
Non-wetland,6,1.28739760188679,1.38567480681422,1.97520747133184,0.0752494116569984,689,wet_sev_z,b02
Non-wetland,7,1.49004895554382,1.78120017071489,2.35422790433231,0.0765021276079957,947,wet_sev_z,b02
Non-wetland,8,1.69599014831981,1.70595717679142,2.45478523671,0.0835618612542807,863,wet_sev_z,b02
Non-wetland,9,1.89667846217391,1.88338778075073,2.97995792538007,0.113445059402999,690,wet_sev_z,b02
Non-wetland,10,2.10122218370253,1.98123255407278,2.70380790283521,0.107551703605623,632,wet_sev_z,b02
Non-wetland,11,2.29820684944072,1.80981220758389,2.44461209971549,0.115626184672089,447,wet_sev_z,b02
Non-wetland,12,2.51230252251656,1.77646705613576,2.32421033678026,0.133743275991113,302,wet_sev_z,b02
Non-wetland,13,2.72243475325203,1.97872162817886,2.27886357889174,0.145295035014955,246,wet_sev_z,b02
Non-wetland,14,2.92329655507246,2.82306551043478,3.4985104638463,0.297812988027698,138,wet_sev_z,b02
Non-wetland,15,3.13763215257732,1.61212641464948,1.71035717971719,0.17366046034346,97,wet_sev_z,b02
Wetland,1,825.614422034796,4.41374021226853,4.5658908186105,0.125576910655449,1322,ppt,b03
Wetland,2,890.401101414612,4.39569340395162,4.67226082533332,0.100788010183339,2149,ppt,b03
Wetland,3,972.712172834928,4.27447511458134,4.66833418620415,0.161457713937894,836,ppt,b03
Wetland,4,1049.49302932203,2.92355246342373,3.41430157357313,0.198788323117355,295,ppt,b03
Wetland,5,1154.00590070922,1.59893486035225,2.36863465654413,0.115166958012809,423,ppt,b03
Wetland,6,1232.60775302889,1.64115147459273,2.46750564644933,0.0753283221544288,1073,ppt,b03
Wetland,7,1310.63466547406,2.58584489359213,2.95842626436781,0.125128098668479,559,ppt,b03
Wetland,8,1371.6905875969,2.57003690989147,2.72641070505958,0.240047077628559,129,ppt,b03
Wetland,9,1479.31233125,1.457859835625,1.25686350044525,0.314215875111311,16,ppt,b03
Wetland,10,1556.37477142857,1.66233765142857,1.52033989734257,0.406327929092782,14,ppt,b03
Wetland,11,1635.75199545455,0.935261716363636,1.17913193792558,0.251391773843512,22,ppt,b03
Wetland,12,1714.75215,1.49461277905556,1.46679877247202,0.345727786217023,18,ppt,b03
Wetland,13,1793.43772666667,2.209708178,2.81008952827967,0.725561996291935,15,ppt,b03
Wetland,14,1885.16765333333,0.9381818204,0.885389107582229,0.228606484571961,15,ppt,b03
Wetland,15,1973.09174615385,2.02214451584615,2.9893018728464,0.829083167722171,13,ppt,b03
Non-wetland,1,824.240631330233,2.74559958562698,3.2628268955876,0.0995152873639761,1075,ppt,b03
Non-wetland,2,896.246002534984,1.89609335435737,2.50900133609452,0.0582073781593651,1858,ppt,b03
Non-wetland,3,970.311527921397,1.54208791978515,2.08071771926898,0.0614908395015268,1145,ppt,b03
Non-wetland,4,1054.23301275281,1.67820631004213,2.44987269628845,0.129842993217561,356,ppt,b03
Non-wetland,5,1151.35679607438,1.23349936006198,1.75452180910692,0.0797509913230418,484,ppt,b03
Non-wetland,6,1231.98228973863,1.19419358982962,1.42508266143703,0.0443394085215741,1033,ppt,b03
Non-wetland,7,1306.07075343643,1.69693335453608,2.19650186832759,0.0910479317288843,582,ppt,b03
Non-wetland,8,1372.69176906077,1.5828414768674,1.71964988038082,0.127820568968171,181,ppt,b03
Non-wetland,9,1479.95450909091,1.26044863318182,1.16164525662386,0.247663600863304,22,ppt,b03
Non-wetland,10,1548.53056923077,0.774592074615385,0.497559911078509,0.137998290154528,13,ppt,b03
Non-wetland,11,1644.82793043478,0.815546772173913,0.726118970174426,0.151406271601647,23,ppt,b03
Non-wetland,12,1718.70593,0.6951178533,0.405604181131713,0.0906958520968648,20,ppt,b03
Non-wetland,13,1793.07964761905,0.837253496761905,0.756071359039637,0.164988296837489,21,ppt,b03
Non-wetland,14,1891.83917692308,0.837995346153846,1.02670168040367,0.284755811792345,13,ppt,b03
Non-wetland,15,1967.18852857143,1.02417026619048,1.00055828953551,0.218339719000572,21,ppt,b03
Wetland,1,0.241283502403846,2.34326681018269,3.47103796005401,0.34036327482186,104,wet_sev_z,b03
Wetland,2,0.439399559852941,2.90085029275,4.005337548249,0.343454861271435,136,wet_sev_z,b03
Wetland,3,0.673346405797101,2.70937187181739,3.273665254546,0.17624821264442,345,wet_sev_z,b03
Wetland,4,0.85846020925,2.09449413182167,2.86026657578673,0.116769893983586,600,wet_sev_z,b03
Wetland,5,1.06871944636,2.43462558420267,3.01112244646848,0.109950645822729,750,wet_sev_z,b03
Wetland,6,1.27357404558259,2.98938831623431,3.57177575269946,0.127808185080563,781,wet_sev_z,b03
Wetland,7,1.47367445005035,3.18605406131118,3.957128553701,0.125575678969121,993,wet_sev_z,b03
Wetland,8,1.67822145725806,3.14311207405511,3.79797388501903,0.13924047829112,744,wet_sev_z,b03
Wetland,9,1.87907272694301,3.73016316529706,4.07768756722399,0.169462912097816,579,wet_sev_z,b03
Wetland,10,2.09848963482143,4.938104077125,5.37572435429046,0.227165815513814,560,wet_sev_z,b03
Wetland,11,2.29525368393782,4.5374579107798,4.868930081802,0.24782201609594,386,wet_sev_z,b03
Wetland,12,2.50627596047904,4.55507410919162,4.86228350180933,0.266052316069846,334,wet_sev_z,b03
Wetland,13,2.70507328006645,4.6192469670299,5.01551921100358,0.289089721303397,301,wet_sev_z,b03
Wetland,14,2.91029388762376,4.73814820514852,4.42193268926725,0.311126098313106,202,wet_sev_z,b03
Wetland,15,3.12005148514852,4.84206419653465,4.7005705915412,0.467724255379086,101,wet_sev_z,b03
Non-wetland,1,0.242204479259259,1.63145661242857,2.02375525486103,0.147206534023259,189,wet_sev_z,b03
Non-wetland,2,0.446046454042553,2.07570460790957,3.19246387346278,0.232834357879992,188,wet_sev_z,b03
Non-wetland,3,0.668356650646388,1.9137870968251,2.27637185439972,0.140367101801217,263,wet_sev_z,b03
Non-wetland,4,0.85732702968815,1.50333446445738,1.90019509094407,0.0866414383730035,481,wet_sev_z,b03
Non-wetland,5,1.06643815021802,1.52126759968023,1.89676115835857,0.0723133412280244,688,wet_sev_z,b03
Non-wetland,6,1.2811831033189,1.3740131630101,1.75529645030376,0.0666781984447242,693,wet_sev_z,b03
Non-wetland,7,1.47881852002141,1.86457566157709,2.68797182780947,0.087953124968662,934,wet_sev_z,b03
Non-wetland,8,1.6817417115566,1.80179547095283,2.47556194100505,0.0850111460765912,848,wet_sev_z,b03
Non-wetland,9,1.88384878430493,1.79142294408969,2.60986535380683,0.100903224107451,669,wet_sev_z,b03
Non-wetland,10,2.09941419538462,1.84849785912769,2.30793623464221,0.0905247068966805,650,wet_sev_z,b03
Non-wetland,11,2.28788891425486,2.03111278655508,2.97804126072098,0.138401314543226,463,wet_sev_z,b03
Non-wetland,12,2.50542679205776,1.65873561055235,1.96141739985629,0.117850149856297,277,wet_sev_z,b03
Non-wetland,13,2.71155678649789,1.79407646935021,2.21915205587716,0.144149416256845,237,wet_sev_z,b03
Non-wetland,14,2.91115324875,2.198585487,2.50362335068705,0.197928804783839,160,wet_sev_z,b03
Non-wetland,15,3.13331106666667,2.25720914314444,2.74197002391305,0.289029018382386,90,wet_sev_z,b03
Wetland,1,830.747246706399,4.29395632772648,4.67408210269703,0.117071768309988,1594,ppt,b04
Wetland,2,897.458595214505,4.57315672039019,5.18585832974389,0.117196408954348,1958,ppt,b04
Wetland,3,982.762837672956,3.85580637670063,4.34066106787615,0.153947383424059,795,ppt,b04
Wetland,4,1068.85764103586,2.6731554095498,3.56237843404747,0.224855332928708,251,ppt,b04
Wetland,5,1170.26937277397,1.74757852710959,3.05559562011703,0.126441446419823,584,ppt,b04
Wetland,6,1247.43411047619,1.58128450382952,2.22520094495321,0.0686711920290187,1050,ppt,b04
Wetland,7,1332.72457359667,2.48798596060707,2.92957401774573,0.133577077389228,481,ppt,b04
Wetland,8,1412.87674489796,2.21263141020408,4.37154600616285,0.624506572308978,49,ppt,b04
Wetland,9,1504.35199090909,1.58677683863636,1.72514758358884,0.367802700640291,22,ppt,b04
Wetland,10,1595.38702222222,2.06776094422222,2.02728525166663,0.477835716284316,18,ppt,b04
Wetland,11,1682.43609375,1.115625005,1.45652664410265,0.364131661025663,16,ppt,b04
Wetland,12,1763.65774285714,0.961038943142857,1.15015436687357,0.250984259384863,21,ppt,b04
Wetland,13,1862.30291818182,1.25309916636364,0.826658537372036,0.24924692710973,11,ppt,b04
Wetland,14,1958.85843333333,1.10387205444444,1.20345866418673,0.401152888062245,9,ppt,b04
Wetland,15,2035.88478461539,1.11800699538462,1.19925287895777,0.332612903640774,13,ppt,b04
Non-wetland,1,829.811812049383,2.56793044884774,2.97798431892629,0.0854346938701361,1215,ppt,b04
Non-wetland,2,904.824953611846,1.95751981293125,2.83237512121012,0.0651335885800621,1891,ppt,b04
Non-wetland,3,981.650585407555,1.49048504557356,2.01399803980225,0.0634980009729592,1006,ppt,b04
Non-wetland,4,1072.5430199446,1.3841159515928,2.21198973587707,0.116420512414583,361,ppt,b04
Non-wetland,5,1171.08599090909,1.24482493646252,1.62736925292972,0.0649908677842091,627,ppt,b04
Non-wetland,6,1249.43846231454,1.22597080428882,1.55647716947616,0.048951632187987,1011,ppt,b04
Non-wetland,7,1334.51735421456,1.84658815756705,1.93110449474593,0.0845221475614883,522,ppt,b04
Non-wetland,8,1414.05415121951,1.45809315236585,1.47380201573776,0.230169205076776,41,ppt,b04
Non-wetland,9,1514.15475,0.690617912964286,0.671003584929006,0.126807758182497,28,ppt,b04
Non-wetland,10,1593.30912941176,0.680035649411765,0.583373482723021,0.14148885226185,17,ppt,b04
Non-wetland,11,1665.62856363636,0.465151520181818,0.444334824618095,0.133971990413327,11,ppt,b04
Non-wetland,12,1764.40827692308,0.539918415153846,0.486843408882759,0.135026067219113,13,ppt,b04
Non-wetland,13,1857.09049411765,0.968137262941177,1.06073549959023,0.257266147391345,17,ppt,b04
Non-wetland,14,1950.54578095238,1.13228714909524,1.08147011934979,0.235996127797778,21,ppt,b04
Non-wetland,15,2024.01814210526,1.13840599794737,2.188131853337,0.50199187493886,19,ppt,b04
Wetland,1,0.246749989736842,2.65392151419298,3.64616864209875,0.341494981682378,114,wet_sev_z,b04
Wetland,2,0.447587921958042,3.19859667524476,4.02236760168065,0.336367276821683,143,wet_sev_z,b04
Wetland,3,0.677215832483222,2.48467320197987,2.82416046507241,0.163599223145114,298,wet_sev_z,b04
Wetland,4,0.863132082205387,2.05354086574916,3.03446559398071,0.124505631429524,594,wet_sev_z,b04
Wetland,5,1.06867272607477,2.62392755310681,3.68924496633136,0.134802077242304,749,wet_sev_z,b04
Wetland,6,1.2673004563543,2.83717136153402,3.60727701411817,0.129244111590144,779,wet_sev_z,b04
Wetland,7,1.46858917150101,3.21844850381542,4.10633933299748,0.130772485326931,986,wet_sev_z,b04
Wetland,8,1.6714070578534,3.32123408982592,4.50453826742816,0.162968474943947,764,wet_sev_z,b04
Wetland,9,1.87157808321799,3.84154445997751,4.46566257335853,0.18574707577134,578,wet_sev_z,b04
Wetland,10,2.08371256882353,4.44636051508039,5.26185073827736,0.232998666965428,510,wet_sev_z,b04
Wetland,11,2.2759624922049,4.53070088035858,4.76983179600031,0.225102279955761,449,wet_sev_z,b04
Wetland,12,2.48653041518987,4.7590141985443,5.50102323539313,0.309456734242687,316,wet_sev_z,b04
Wetland,13,2.68575758741722,4.45415949764901,5.08350882778831,0.292523061875717,302,wet_sev_z,b04
Wetland,14,2.88890476298077,4.27825248019231,4.60268485205343,0.319138773824616,208,wet_sev_z,b04
Wetland,15,3.0982694742268,5.8083255256701,5.49184925548771,0.557612808105136,97,wet_sev_z,b04
Non-wetland,1,0.239626302397959,1.99037187016837,3.01749724822444,0.215535517730317,196,wet_sev_z,b04
Non-wetland,2,0.443243581555556,1.46257141030556,1.86565918333488,0.139058025226118,180,wet_sev_z,b04
Non-wetland,3,0.669519008857143,1.87748332772143,1.98507793840757,0.118631097187163,280,wet_sev_z,b04
Non-wetland,4,0.863916917001934,1.56060841472727,1.80612998732158,0.079433506018184,517,wet_sev_z,b04
Non-wetland,5,1.06816038903846,1.55010403295353,1.93213860967647,0.0773474471157551,624,wet_sev_z,b04
Non-wetland,6,1.26740528633803,1.46771266837606,2.19516697478861,0.0823831485503805,710,wet_sev_z,b04
Non-wetland,7,1.47012190524017,1.72976679383843,2.32329639350963,0.0767638735600695,916,wet_sev_z,b04
Non-wetland,8,1.67433228534386,1.67744174748365,2.41028491766489,0.0809294470826228,887,wet_sev_z,b04
Non-wetland,9,1.87653779694323,1.8089382333246,2.81740113017527,0.107490557645722,687,wet_sev_z,b04
Non-wetland,10,2.08644188341463,2.05305123786667,2.75792083291546,0.111210101610465,615,wet_sev_z,b04
Non-wetland,11,2.27807588432671,1.88840734719868,2.92020551998187,0.137203224005689,453,wet_sev_z,b04
Non-wetland,12,2.48463454963768,1.8715188385942,2.35803746931809,0.141937176176033,276,wet_sev_z,b04
Non-wetland,13,2.6949662,1.44442857350962,1.62169806688399,0.112444529489828,208,wet_sev_z,b04
Non-wetland,14,2.89506619041096,1.90869171493151,1.92640678755014,0.159430560122007,146,wet_sev_z,b04
Non-wetland,15,3.10090129,2.17439860638889,2.42541944316808,0.255661657388948,90,wet_sev_z,b04
Wetland,1,823.388315259259,4.43619268491407,4.68853902139014,0.127605869350376,1350,ppt,b05
Wetland,2,888.396742857143,4.40771232046963,4.87931930897079,0.103094436853892,2240,ppt,b05
Wetland,3,971.848604362801,4.15566659276005,4.5256140673613,0.153344582766878,871,ppt,b05
Wetland,4,1051.32688631769,2.96557461123105,3.59475048583305,0.215987623788012,277,ppt,b05
Wetland,5,1151.99578148148,1.56594252154497,2.51511549507298,0.129363582143775,378,ppt,b05
Wetland,6,1230.78766372847,1.57127325175887,2.22256465675332,0.070745012486688,987,ppt,b05
Wetland,7,1310.04844503311,2.58860714912252,3.15187838122866,0.128248112504711,604,ppt,b05
Wetland,8,1371.89842743363,2.04289022513274,2.13970311447754,0.20128633719344,113,ppt,b05
Wetland,9,1474.82485238095,1.49321788428571,1.09657121458145,0.239291456939484,21,ppt,b05
Wetland,10,1548.66109473684,1.389021798,2.46939448740465,0.566517948543857,19,ppt,b05
Wetland,11,1643.9752,2.5134469981875,4.01703065191061,1.00425766297765,16,ppt,b05
Wetland,12,1724.14568235294,1.34269162,1.2800271167283,0.310452176819154,17,ppt,b05
Wetland,13,1796.90069444444,0.98911736,0.903074077634259,0.21285660140299,18,ppt,b05
Wetland,14,1881.0437625,1.083333340625,0.933800196236438,0.330148225516057,8,ppt,b05
Wetland,15,1972.777935,0.9440151595,0.826550254866664,0.184822255670164,20,ppt,b05
Non-wetland,1,821.91496388422,2.66990633510271,3.25079851089477,0.0993334036359594,1071,ppt,b05
Non-wetland,2,894.289283275154,1.98319707332033,2.69601467636212,0.0610840432218138,1948,ppt,b05
Non-wetland,3,969.090646186007,1.50731977248208,1.93563125576562,0.0565403926885256,1172,ppt,b05
Non-wetland,4,1052.68084434211,1.56408295766842,2.10958413025443,0.108219382477172,380,ppt,b05
Non-wetland,5,1149.97113868922,1.19798580136152,1.50600772843093,0.0692463091283111,473,ppt,b05
Non-wetland,6,1232.15159091847,1.10799591179257,1.33966477357203,0.0430362329112185,969,ppt,b05
Non-wetland,7,1307.24994178571,1.76677486058929,1.91593069472194,0.0809628489204604,560,ppt,b05
Non-wetland,8,1372.54525837838,1.9452743644,1.81915548667405,0.133746971366494,185,ppt,b05
Non-wetland,9,1473.51581176471,1.32593582470588,1.08417294866591,0.26295056375217,17,ppt,b05
Non-wetland,10,1550.28968125,1.522389075,3.5480757286062,0.887018932151549,16,ppt,b05
Non-wetland,11,1630.59447142857,0.797402588571429,0.844801433025484,0.225782680159787,14,ppt,b05
Non-wetland,12,1729.39521333333,0.852300793333333,0.625676701133399,0.16154902957331,15,ppt,b05
Non-wetland,13,1815.1978173913,0.877316643043478,0.70520623436402,0.14704566474781,23,ppt,b05
Non-wetland,14,1881.39722,0.837878801933333,1.1252734783445,0.290544362770475,15,ppt,b05
Non-wetland,15,1970.279532,0.75340067824,0.477310613757154,0.0954621227514308,25,ppt,b05
Wetland,1,0.212024542161616,2.68660669010101,3.57359152462759,0.359159461854055,99,wet_sev_z,b05
Wetland,2,0.424514048592593,3.01092671863704,3.83258250173672,0.329856182270939,135,wet_sev_z,b05
Wetland,3,0.650959902173913,2.50275294075362,2.99587912891067,0.180330732337881,276,wet_sev_z,b05
Wetland,4,0.836704973185841,2.14557777623894,2.72789204779297,0.114763280986021,565,wet_sev_z,b05
Wetland,5,1.05063756064748,2.55875235019424,3.56169779815709,0.135102898197229,695,wet_sev_z,b05
Wetland,6,1.25579823573265,2.89772568758226,3.66234532203071,0.131301441175473,778,wet_sev_z,b05
Wetland,7,1.46046610807265,3.10340351715742,3.72652531462389,0.118376977916478,991,wet_sev_z,b05
Wetland,8,1.66359607185554,3.42829622368618,4.27805965287644,0.150969446710457,803,wet_sev_z,b05
Wetland,9,1.87567725912637,3.72250878795164,3.96449695055189,0.156588214963392,641,wet_sev_z,b05
Wetland,10,2.09224219252174,4.65562444206261,5.22491582068775,0.217894052169649,575,wet_sev_z,b05
Wetland,11,2.29203349284065,4.35682809361894,4.82450837796019,0.231851076520299,433,wet_sev_z,b05
Wetland,12,2.5108481375,4.16409174716193,4.80941966084728,0.256342929236849,352,wet_sev_z,b05
Wetland,13,2.7116868005848,4.79989387461988,5.27727012430576,0.285362086418599,342,wet_sev_z,b05
Wetland,14,2.91591218602151,5.20453883580645,5.16191631539091,0.378490067816865,186,wet_sev_z,b05
Wetland,15,3.12229027777778,5.75808925933333,5.74871632774726,0.605967907262678,90,wet_sev_z,b05
Non-wetland,1,0.214727446425926,1.64206564327161,1.95950297429847,0.153953093431295,162,wet_sev_z,b05
Non-wetland,2,0.428989619569378,1.86980378404785,2.30637673450086,0.159535414637845,209,wet_sev_z,b05
Non-wetland,3,0.646343972488688,1.75869539934842,1.83409813552703,0.12337479172884,221,wet_sev_z,b05
Non-wetland,4,0.842949074596413,1.80709001653139,2.04203530626113,0.0966931742019974,446,wet_sev_z,b05
Non-wetland,5,1.04933090840871,1.5401474928392,1.86659680772438,0.076394721710365,597,wet_sev_z,b05
Non-wetland,6,1.25499281187845,1.4024078550732,1.74185946638207,0.0647356972473502,724,wet_sev_z,b05
Non-wetland,7,1.46920492508108,1.68283682520649,2.39136451592367,0.0786275809391634,925,wet_sev_z,b05
Non-wetland,8,1.67343716621622,1.67110490457658,2.42235065370924,0.0812887654544303,888,wet_sev_z,b05
Non-wetland,9,1.87660451141678,1.87477552948143,2.66499905754784,0.098839344008226,727,wet_sev_z,b05
Non-wetland,10,2.08950507361702,1.92062453560426,2.64667855584578,0.0996796811491969,705,wet_sev_z,b05
Non-wetland,11,2.29286767066929,1.97200216858661,2.88198195276621,0.127867272290343,508,wet_sev_z,b05
Non-wetland,12,2.50473946666667,1.52100083207801,1.85966601251091,0.110741499491079,282,wet_sev_z,b05
Non-wetland,13,2.72293066638298,1.87052654302128,2.42819194864286,0.158397777486208,235,wet_sev_z,b05
Non-wetland,14,2.91153954360902,2.4847513213609,3.12567321520321,0.271030240637721,133,wet_sev_z,b05
Non-wetland,15,3.13736784141414,2.37387002030303,2.27061661827931,0.228205556532669,99,wet_sev_z,b05
Wetland,1,822.067790964427,4.33876456547273,4.46725331700294,0.125601642062331,1265,ppt,b06
Wetland,2,887.592529013393,4.3565964035393,4.89512152953724,0.103428319702539,2240,ppt,b06
Wetland,3,969.992631772455,4.33606651536168,4.52588484962155,0.156624703705447,835,ppt,b06
Wetland,4,1043.98779848765,3.06926971486728,3.72613145233175,0.20700730290732,324,ppt,b06
Wetland,5,1145.56472857143,1.87526163781429,3.21683836860328,0.17194724348489,350,ppt,b06
Wetland,6,1221.86883667401,1.50709588551211,2.25806730897768,0.074936595606515,908,ppt,b06
Wetland,7,1289.73535843072,2.08383557901002,2.62970494689959,0.107446831264716,599,ppt,b06
Wetland,8,1357.71208089431,2.60111199786585,2.58065148404522,0.164536329075958,246,ppt,b06
Wetland,9,1443.06708076923,1.56107226384615,1.92425080331004,0.377376630581711,26,ppt,b06
Wetland,10,1514.20706666667,3.17676763777778,3.29654926642629,1.09884975547543,9,ppt,b06
Wetland,11,1620.17079285714,1.67207791685714,1.43283682039352,0.38294174807622,14,ppt,b06
Wetland,12,1699.63936086957,0.797731983130435,1.00305090669578,0.209150572079087,23,ppt,b06
Wetland,13,1773.92552857143,1.834740255,1.95145547688395,0.521548414288807,14,ppt,b06
Wetland,14,1859.9282375,1.0394886475625,0.961657888427954,0.240414472106989,16,ppt,b06
Wetland,15,1943.27588,0.564769923066667,0.55185659970722,0.142488761344048,15,ppt,b06
Non-wetland,1,821.609614339051,2.73137040579919,3.1545039821829,0.100206121442649,991,ppt,b06
Non-wetland,2,891.793395049073,2.05654794519684,2.93600224130972,0.0685577754303666,1834,ppt,b06
Non-wetland,3,966.571627462331,1.52265744314116,2.06630546684865,0.0581884758105241,1261,ppt,b06
Non-wetland,4,1046.17272127226,1.49267588752417,2.0196270400358,0.101876707664156,393,ppt,b06
Non-wetland,5,1141.01230044346,1.20971707457428,1.73205778239768,0.0815594156059166,451,ppt,b06
Non-wetland,6,1220.63895800241,1.14637793901925,1.49734578597857,0.0519423498209227,831,ppt,b06
Non-wetland,7,1288.98137884914,1.58241420469051,2.55090077475489,0.100597706446103,643,ppt,b06
Non-wetland,8,1359.44635098814,1.50999968294466,1.43948982277545,0.0904999497712193,253,ppt,b06
Non-wetland,9,1450.91215277778,1.74581093183333,2.18431348846637,0.364052248077728,36,ppt,b06
Non-wetland,10,1525.90371,1.02954544485,0.891621411668343,0.199372608668474,20,ppt,b06
Non-wetland,11,1615.57024210526,0.76339713,0.717112020038304,0.164516780344488,19,ppt,b06
Non-wetland,12,1692.80013478261,1.30245938330435,2.01767361058569,0.420714030669698,23,ppt,b06
Non-wetland,13,1774.90221176471,0.688829466647059,0.716764122964316,0.173840834566769,17,ppt,b06
Non-wetland,14,1864.511525,0.817171724166667,0.607142400483136,0.175266914177687,12,ppt,b06
Non-wetland,15,1932.05619375,0.814604371875,0.759703401177113,0.189925850294278,16,ppt,b06
Wetland,1,0.232457548857143,2.24541143839048,3.13426879296557,0.305873314369541,105,wet_sev_z,b06
Wetland,2,0.446139970192308,3.44932176680128,4.36894969071131,0.349795924020454,156,wet_sev_z,b06
Wetland,3,0.663450407603834,2.40920547903514,2.74623250666416,0.155226238895755,313,wet_sev_z,b06
Wetland,4,0.852311948888889,2.15184829402116,3.02325007657772,0.126964569107645,567,wet_sev_z,b06
Wetland,5,1.05520238327485,2.44845918502632,3.17486366133591,0.121393946134059,684,wet_sev_z,b06
Wetland,6,1.25479435901857,3.18327588345889,3.70550481034954,0.134946525903706,754,wet_sev_z,b06
Wetland,7,1.4556087269392,3.10513103436373,3.50663921610476,0.11353163649967,954,wet_sev_z,b06
Wetland,8,1.65916265886076,3.30762865956329,4.16448135038235,0.148165597220131,790,wet_sev_z,b06
Wetland,9,1.85975540047022,3.48127120709405,4.18160105969074,0.165551171295319,638,wet_sev_z,b06
Wetland,10,2.07137838381503,4.50037821325048,4.96571383659978,0.217970645117514,519,wet_sev_z,b06
Wetland,11,2.26036482047059,4.40522108555294,4.73154356903795,0.229513575380652,425,wet_sev_z,b06
Wetland,12,2.47390430598802,4.80291786897006,5.66587746678124,0.310023021496827,334,wet_sev_z,b06
Wetland,13,2.67467136172107,4.50203310350148,5.42809427966114,0.295687136709897,337,wet_sev_z,b06
Wetland,14,2.86778764428571,4.50859514919048,4.91711425371268,0.33931311978385,210,wet_sev_z,b06
Wetland,15,3.08155184918033,4.93676105893443,5.02529076509207,0.454968448498189,122,wet_sev_z,b06
Non-wetland,1,0.23780096076087,1.45293291153261,1.75844917181228,0.129634592845481,184,wet_sev_z,b06
Non-wetland,2,0.443377577868852,2.14694547884699,2.79469119650784,0.206589517820808,183,wet_sev_z,b06
Non-wetland,3,0.657656607201646,1.73828944470782,1.97615336315904,0.126770297353317,243,wet_sev_z,b06
Non-wetland,4,0.851777484543525,1.47181829623567,1.76855688754284,0.0814907998203566,471,wet_sev_z,b06
Non-wetland,5,1.05535616170178,1.41093627394165,1.89281719901657,0.0762019511324382,617,wet_sev_z,b06
Non-wetland,6,1.26097865733737,1.54488308463843,2.60960343422895,0.101501809705959,661,wet_sev_z,b06
Non-wetland,7,1.45719070544835,1.60619273097843,2.17400486519773,0.0732440849142014,881,wet_sev_z,b06
Non-wetland,8,1.66254605103926,1.82086391968014,2.53347314567924,0.0860909220474574,866,wet_sev_z,b06
Non-wetland,9,1.86090083670715,1.8489966629946,2.78080725029709,0.102155506894173,741,wet_sev_z,b06
Non-wetland,10,2.06628089444444,2.02812696575976,3.00086019576995,0.116280970652857,666,wet_sev_z,b06
Non-wetland,11,2.26109106923077,1.87519333275,2.72618530463897,0.126017960285798,468,wet_sev_z,b06
Non-wetland,12,2.4655109987055,1.79662735502589,2.64544780457362,0.150494267507114,309,wet_sev_z,b06
Non-wetland,13,2.6780653,1.900736664841,2.4215591115246,0.156637637560233,239,wet_sev_z,b06
Non-wetland,14,2.85792768496732,2.48001743788889,3.21964993217083,0.260293269565746,153,wet_sev_z,b06
Non-wetland,15,3.08637284893617,2.02884697303191,1.90932239673152,0.196931568594665,94,wet_sev_z,b06
Wetland,1,822.441086499589,4.3618980716516,4.61450740388403,0.132275696813676,1217,ppt,b07
Wetland,2,885.540899592864,4.33481931072826,4.85550596021558,0.103850696302221,2186,ppt,b07
Wetland,3,968.45562400445,4.09481014069856,4.58228150775465,0.152827644769874,899,ppt,b07
Wetland,4,1043.719238875,3.42789235682813,4.13569788549176,0.231192540159043,320,ppt,b07
Wetland,5,1141.68541856678,1.70979013809121,2.57639877532593,0.147042844799886,307,ppt,b07
Wetland,6,1218.36245839737,1.43936766343359,1.9824788465214,0.0656824544795621,911,ppt,b07
Wetland,7,1283.40831533333,1.93431485465667,2.88540580357455,0.117796198660382,600,ppt,b07
Wetland,8,1349.83141066667,2.73229561482667,3.2288581257291,0.18641821080648,300,ppt,b07
Wetland,9,1435.12887727273,1.46222452386364,1.08739738719432,0.163931324151653,44,ppt,b07
Wetland,10,1522.97254,1.2310606,1.01407833074755,0.320679725098383,10,ppt,b07
Wetland,11,1608.68101111111,1.367396188,1.2137330054197,0.233583025801132,27,ppt,b07
Wetland,12,1682.54045833333,1.47752526666667,1.93759999451592,0.559336939207792,12,ppt,b07
Wetland,13,1755.37560666667,2.21940618006667,1.90205029797307,0.491107275179904,15,ppt,b07
Wetland,14,1849.15316666667,2.53181820673333,4.04048232370624,1.04324805002398,15,ppt,b07
Wetland,15,1927.9782375,0.83617424,0.807282773452672,0.201820693363168,16,ppt,b07
Non-wetland,1,822.281839949032,2.55788433572987,2.86113890150265,0.0913491348509335,981,ppt,b07
Non-wetland,2,890.708624869423,2.15213548027856,2.86079329866338,0.0667288632063225,1838,ppt,b07
Non-wetland,3,966.846152216868,1.599321215951,2.1095251087339,0.0597860723353204,1245,ppt,b07
Non-wetland,4,1046.74719827161,1.50094441040988,1.83234840621775,0.0910501243281397,405,ppt,b07
Non-wetland,5,1139.18107135802,1.16942771625185,1.42546955074438,0.0708321514515672,405,ppt,b07
Non-wetland,6,1217.40356544567,1.11712430162759,1.42705862070343,0.0498654637732232,819,ppt,b07
Non-wetland,7,1282.85885044248,1.66555653843215,1.98415168380526,0.0762008863475891,678,ppt,b07
Non-wetland,8,1357.59206415771,1.84973034605735,2.03097900210826,0.12159153236123,279,ppt,b07
Non-wetland,9,1439.94570512821,1.14377104525641,0.882219039762507,0.141268106088867,39,ppt,b07
Non-wetland,10,1532.51245,0.8954545485,0.790655750264593,0.176796000439273,20,ppt,b07
Non-wetland,11,1600.2315875,0.8641098445625,0.772437942967283,0.193109485741821,16,ppt,b07
Non-wetland,12,1687.91400588235,0.466577558352941,0.448252384635377,0.108717172281568,17,ppt,b07
Non-wetland,13,1749.97252857143,1.01352813935714,1.21475957904372,0.324658153720239,14,ppt,b07
Non-wetland,14,1838.03328181818,0.782369162727273,0.543104064379906,0.163752036696834,11,ppt,b07
Non-wetland,15,1930.26041875,0.70691288,0.711178824272104,0.177794706068026,16,ppt,b07
Wetland,1,0.212389092092105,2.45484637534211,3.85826771563648,0.44257365972592,76,wet_sev_z,b07
Wetland,2,0.433964324649682,2.974740114,3.74776985180951,0.299104596473234,157,wet_sev_z,b07
Wetland,3,0.651386706289308,2.68271412234906,3.42321336105173,0.191964273039365,318,wet_sev_z,b07
Wetland,4,0.847154498360071,2.11487636436185,2.73911364302814,0.115645468651602,561,wet_sev_z,b07
Wetland,5,1.05596036753463,2.34473155191967,2.92472885041,0.108847137013518,722,wet_sev_z,b07
Wetland,6,1.26216170640854,2.85545349559813,3.69863029697852,0.135145009760581,749,wet_sev_z,b07
Wetland,7,1.46655755626943,3.00253058134094,3.69930327768165,0.119084786011242,965,wet_sev_z,b07
Wetland,8,1.66910778759791,3.25026829793473,3.92639060561729,0.14186625917855,766,wet_sev_z,b07
Wetland,9,1.87397144077961,3.67449579590405,4.19969520142873,0.162612847611286,667,wet_sev_z,b07
Wetland,10,2.08979596548223,4.3412007849154,4.91260517545805,0.202077574732348,591,wet_sev_z,b07
Wetland,11,2.2897154361949,4.95338892881671,5.69980672676417,0.274550029345492,431,wet_sev_z,b07
Wetland,12,2.50415369615385,4.43643919313609,4.99367428874468,0.27162007327756,338,wet_sev_z,b07
Wetland,13,2.70676411533101,4.48340580621951,5.52449366057063,0.326100549924289,287,wet_sev_z,b07
Wetland,14,2.91794583532934,4.8133862242515,5.37213588409314,0.415708355544159,167,wet_sev_z,b07
Wetland,15,3.11870627142857,5.76238182566327,5.01982027436819,0.50707842233478,98,wet_sev_z,b07
Non-wetland,1,0.230546166368421,1.54681011182632,1.7159625839315,0.124489010071971,190,wet_sev_z,b07
Non-wetland,2,0.427878782752809,1.85327668351124,2.11980774392564,0.158886307865109,178,wet_sev_z,b07
Non-wetland,3,0.651864272043011,1.66637935801434,1.96528772633362,0.117658698552554,279,wet_sev_z,b07
Non-wetland,4,0.84404503843318,1.83798968700691,2.23900451089776,0.107475655799107,434,wet_sev_z,b07
Non-wetland,5,1.05075840302876,1.48843816216582,1.88978001103756,0.0777351624583862,591,wet_sev_z,b07
Non-wetland,6,1.26074549897511,1.53423300334261,1.98902631564445,0.0761079768170024,683,wet_sev_z,b07
Non-wetland,7,1.46613613095768,1.6923310220245,2.34752667634312,0.0783379798218215,898,wet_sev_z,b07
Non-wetland,8,1.67625655472813,1.79972095193735,2.64100571844417,0.0907996469831428,846,wet_sev_z,b07
Non-wetland,9,1.87511417434783,1.95062288003913,2.71305477546413,0.103284230137868,690,wet_sev_z,b07
Non-wetland,10,2.08595300238429,1.79182460676858,2.17392332028901,0.0814140681601457,713,wet_sev_z,b07
Non-wetland,11,2.28617922939866,1.94200877449889,2.66308397042508,0.125678702959505,449,wet_sev_z,b07
Non-wetland,12,2.50537783019481,1.87260920689286,2.25192236523318,0.128315185442162,308,wet_sev_z,b07
Non-wetland,13,2.71468313228346,1.9102037416378,2.04541874024531,0.12834098625053,254,wet_sev_z,b07
Non-wetland,14,2.90432907361111,2.30585704160417,2.42214411573089,0.201845342977574,144,wet_sev_z,b07
Non-wetland,15,3.11528979285714,2.435914200375,3.07014873705225,0.290101787364974,112,wet_sev_z,b07
Wetland,1,821.859808121411,4.40302828057178,4.58092291621685,0.131205225229091,1219,ppt,b08
Wetland,2,886.602459332138,4.26156854771405,4.85019498704282,0.102685568838385,2231,ppt,b08
Wetland,3,969.38793884307,4.58627468193471,4.92350503301209,0.166635398476163,873,ppt,b08
Wetland,4,1044.04639830128,2.99476676900321,3.46811729530304,0.196343478259565,312,ppt,b08
Wetland,5,1143.32166809117,2.14510073221652,3.41064274153607,0.182046641830297,351,ppt,b08
Wetland,6,1222.09033684211,1.48152162748842,2.26103288109764,0.0733575934390085,950,ppt,b08
Wetland,7,1290.05362657658,1.98014839642192,2.60978794821857,0.101127228867495,666,ppt,b08
Wetland,8,1355.46368130081,2.56956950340244,2.93634542164752,0.187214546235261,246,ppt,b08
Wetland,9,1444.81687,1.818750018,1.46210899419905,0.326937510154293,20,ppt,b08
Wetland,10,1529.43413125,1.464646460625,1.69025094874455,0.422562737186139,16,ppt,b08
Wetland,11,1627.298,1.66363633733333,2.38212320367447,0.615061566429699,15,ppt,b08
Wetland,12,1702.08284166667,0.772835487125,1.17869330994101,0.240599764382304,24,ppt,b08
Wetland,13,1776.81265,1.3580086735,1.22094254950117,0.273011053730652,20,ppt,b08
Wetland,14,1866.13993636364,0.952479356363636,1.21839805352412,0.367360835348989,11,ppt,b08
Wetland,15,1941.43730588235,0.625222813941177,0.398323126943239,0.0966075485596052,17,ppt,b08
Non-wetland,1,820.894588315164,2.66821090662339,3.0734160059038,0.0967555231703593,1009,ppt,b08
Non-wetland,2,891.425667590429,2.02615820053701,2.76824079794527,0.0653025027851949,1797,ppt,b08
Non-wetland,3,966.684753149425,1.53602839416322,1.93674582409259,0.0536126621054988,1305,ppt,b08
Non-wetland,4,1046.39014700508,1.42435848024365,1.71313429734558,0.0863064590571241,394,ppt,b08
Non-wetland,5,1141.79283664459,1.2152649140574,1.62709302988016,0.0764474993041343,453,ppt,b08
Non-wetland,6,1220.19145970982,1.17015618305469,1.47571525094357,0.0493001863345354,896,ppt,b08
Non-wetland,7,1289.24437895522,1.56136759687612,1.89979215432184,0.0733953741031104,670,ppt,b08
Non-wetland,8,1357.67633918367,1.96360888723265,1.93958078169125,0.123915270734681,245,ppt,b08
Non-wetland,9,1447.62584848485,1.54899644642424,1.72043441895266,0.299489190876782,33,ppt,b08
Non-wetland,10,1534.152875,1.00560605825,0.989163783684404,0.221183746119923,20,ppt,b08
Non-wetland,11,1613.76352857143,1.53279218071429,2.91216018117105,0.778307546667684,14,ppt,b08
Non-wetland,12,1701.875048,0.66454545704,0.808989354167117,0.161797870833423,25,ppt,b08
Non-wetland,13,1782.34882857143,0.964285736428571,0.863694786321978,0.230832141225698,14,ppt,b08
Non-wetland,14,1862.28320909091,0.808769524545455,0.595805595026839,0.179642146063497,11,ppt,b08
Non-wetland,15,1942.24354285714,0.658104868571429,0.355673749492534,0.0776143752265856,21,ppt,b08
Wetland,1,0.252099269684211,1.76556605654737,1.86242604886916,0.191080880849924,95,wet_sev_z,b08
Wetland,2,0.444341958145695,2.70164491786093,3.1596357720932,0.257127512524995,151,wet_sev_z,b08
Wetland,3,0.676038083343109,2.68188590097067,3.3767599173767,0.182861801731682,341,wet_sev_z,b08
Wetland,4,0.873130835396825,1.98600114246032,2.64618744149276,0.105426631191118,630,wet_sev_z,b08
Wetland,5,1.07437442167553,2.39293159407846,3.19495757859757,0.116508115009567,752,wet_sev_z,b08
Wetland,6,1.28062944526445,3.03975087192374,3.72926732546781,0.130791115326939,813,wet_sev_z,b08
Wetland,7,1.4825662894572,3.04885894833925,3.65707619602509,0.118154768745842,958,wet_sev_z,b08
Wetland,8,1.68940458757842,3.2118845928921,3.86093402206593,0.136761299725351,797,wet_sev_z,b08
Wetland,9,1.8898743458042,3.66380898195629,4.36521197191427,0.18251868167503,572,wet_sev_z,b08
Wetland,10,2.09810023653846,4.50571317469406,4.49447518426326,0.187923448100765,572,wet_sev_z,b08
Wetland,11,2.30082843559322,5.44288307265617,5.91360313263487,0.290989386867482,413,wet_sev_z,b08
Wetland,12,2.51464480574713,4.35550993321839,5.44767652514983,0.292026114417736,348,wet_sev_z,b08
Wetland,13,2.71492329178571,4.33536737635714,5.07175945197226,0.303095599832969,280,wet_sev_z,b08
Wetland,14,2.91508010685714,5.39051944771429,6.15224380286213,0.465065917354614,175,wet_sev_z,b08
Wetland,15,3.12177677653061,4.8762832272449,4.04443738772442,0.408549871849192,98,wet_sev_z,b08
Non-wetland,1,0.254139719545455,1.56527741982386,2.06430545624337,0.155602878432788,176,wet_sev_z,b08
Non-wetland,2,0.455583114752475,2.00799578429208,2.68254544237579,0.188743238688304,202,wet_sev_z,b08
Non-wetland,3,0.675922309609121,1.82324896237459,1.84600106319238,0.10535684554542,307,wet_sev_z,b08
Non-wetland,4,0.872234549437751,1.5243074425,1.87262164566829,0.0839141824467931,498,wet_sev_z,b08
Non-wetland,5,1.07398059132638,1.43535351283458,1.89561029063258,0.0731792236152457,671,wet_sev_z,b08
Non-wetland,6,1.28599463940741,1.67282958035704,2.13785104417182,0.0822859250559949,675,wet_sev_z,b08
Non-wetland,7,1.48519333242961,1.85395184368405,2.55796280514146,0.0826009270632429,959,wet_sev_z,b08
Non-wetland,8,1.6877829010181,1.52095104412783,2.02847338105602,0.0682249428391051,884,wet_sev_z,b08
Non-wetland,9,1.89558528753709,1.73758919518249,2.30557590106022,0.0888074654976438,674,wet_sev_z,b08
Non-wetland,10,2.10097721866667,1.89633256034815,2.90260584524154,0.111721351073439,675,wet_sev_z,b08
Non-wetland,11,2.29758764133949,1.96687950337644,2.77063189296879,0.133148071617171,433,wet_sev_z,b08
Non-wetland,12,2.51041303950178,1.8569314113452,2.51390513236938,0.149967007220379,281,wet_sev_z,b08
Non-wetland,13,2.71543322938597,1.8821599820614,2.08994773523202,0.138410169994481,228,wet_sev_z,b08
Non-wetland,14,2.90153512965517,2.18872314941379,2.02652909387344,0.168294081038284,145,wet_sev_z,b08
Non-wetland,15,3.11295116933333,1.9672905996,2.27466882445564,0.262656131623343,75,wet_sev_z,b08
Wetland,1,824.264961189759,4.3996675801762,4.65611513999099,0.127768758191976,1328,ppt,b09
Wetland,2,890.099429280806,4.42197620993267,4.99766907245425,0.106964736950443,2183,ppt,b09
Wetland,3,973.877463485194,4.0784763308041,4.72828634948605,0.159571935216726,878,ppt,b09
Wetland,4,1049.05572084559,3.07663465609559,3.82186826245998,0.231734801960564,272,ppt,b09
Wetland,5,1152.57487454545,1.60638705825714,3.10831987546902,0.158414649462254,385,ppt,b09
Wetland,6,1230.49682295539,1.6196074903448,2.81635972337967,0.0858582414884123,1076,ppt,b09
Wetland,7,1305.55757745572,2.50760269180676,3.14130710366962,0.126056311826551,621,ppt,b09
Wetland,8,1367.39007468354,2.52687023041772,2.93067841232841,0.233152255850443,158,ppt,b09
Wetland,9,1463.30452727273,1.457403595,1.18993354508942,0.253694684228635,22,ppt,b09
Wetland,10,1550.50623333333,2.502314805,2.54873297112705,0.735755833486339,12,ppt,b09
Wetland,11,1629.98128333333,2.15404038983333,2.63321340368098,0.537502435239644,24,ppt,b09
Wetland,12,1711.91616923077,1.32479187115385,1.47578824030758,0.409310013242749,13,ppt,b09
Wetland,13,1797.94245,0.649083688,0.481814121344291,0.152363003228071,10,ppt,b09
Wetland,14,1876.17608,0.5568181836,0.395881161894482,0.125188615434042,10,ppt,b09
Wetland,15,1962.90431333333,2.62222224973333,3.05542465419543,0.788907253419365,15,ppt,b09
Non-wetland,1,824.172146983842,2.60372215971185,3.08323275925086,0.0923769706728798,1114,ppt,b09
Non-wetland,2,894.836623606645,1.91755750465863,2.70028790724346,0.0625106841114724,1866,ppt,b09
Non-wetland,3,970.726288186441,1.47331093719237,1.83326901409577,0.0533685243207324,1180,ppt,b09
Non-wetland,4,1052.11697727034,1.31912972444095,1.7790391444645,0.0911429363646928,381,ppt,b09
Non-wetland,5,1149.58267845188,1.21192174432218,1.68180538292928,0.0769239877225152,478,ppt,b09
Non-wetland,6,1229.5595401222,1.20709510391446,1.56205191695012,0.0498470797103423,982,ppt,b09
Non-wetland,7,1302.11419966273,1.76129496954637,2.30715203576563,0.0947433785780316,593,ppt,b09
Non-wetland,8,1366.96213290043,1.66322095903896,1.72410733611234,0.113437934408769,231,ppt,b09
Non-wetland,9,1463.36694285714,1.22468307,1.07089632440861,0.20238038245131,28,ppt,b09
Non-wetland,10,1556.54050909091,0.750688698727273,0.841894408922653,0.253840715226771,11,ppt,b09
Non-wetland,11,1637.2367,1.35828877535294,1.7747409914923,0.430437915649186,17,ppt,b09
Non-wetland,12,1715.62730769231,0.759375811346154,0.529527451173929,0.103848877173804,26,ppt,b09
Non-wetland,13,1795.90426,0.9310606036,0.805373048712985,0.254681320004677,10,ppt,b09
Non-wetland,14,1884.71121111111,0.514814818333333,0.410671526977022,0.0967962071885622,18,ppt,b09
Non-wetland,15,1965.786815,0.78750000205,0.872088779008738,0.195004979227833,20,ppt,b09
Wetland,1,0.249399839224138,1.87590197674138,2.20390674802285,0.204627604442395,116,wet_sev_z,b09
Wetland,2,0.453269672753623,2.9555262792971,3.26090364757977,0.277586552617731,138,wet_sev_z,b09
Wetland,3,0.677357270054945,2.79327403627473,3.47588153323218,0.182185695276451,364,wet_sev_z,b09
Wetland,4,0.867037451930117,1.97688383549418,3.02611330378823,0.123437736346506,601,wet_sev_z,b09
Wetland,5,1.07234311659355,2.46523880704129,3.20884292459994,0.115265040525851,775,wet_sev_z,b09
Wetland,6,1.27675826085826,2.86589662849025,3.66501964130271,0.13216398850834,769,wet_sev_z,b09
Wetland,7,1.47897708008386,3.23804208047904,3.92514334788645,0.127081208050926,954,wet_sev_z,b09
Wetland,8,1.68186918250653,3.38417769910313,4.95917655708027,0.17918233243336,766,wet_sev_z,b09
Wetland,9,1.88512405788618,3.6649820865935,3.99773077180604,0.161204063596651,615,wet_sev_z,b09
Wetland,10,2.09519055209059,4.63022596905749,4.99097034799051,0.208319077389449,574,wet_sev_z,b09
Wetland,11,2.28892940596659,4.89860346848449,5.48378123774893,0.267900244425003,419,wet_sev_z,b09
Wetland,12,2.51729817006173,4.33780862430556,5.20973578087538,0.289429765604188,324,wet_sev_z,b09
Wetland,13,2.70571536348684,4.69655002006579,5.36130171304132,0.307491741749719,304,wet_sev_z,b09
Wetland,14,2.90115640393258,4.33981687338202,4.71081311324338,0.353090370931317,178,wet_sev_z,b09
Wetland,15,3.11502113583333,5.75204542575,5.01768514902449,0.458049890429897,120,wet_sev_z,b09
Non-wetland,1,0.248973154897959,1.58515961088776,2.10960909615448,0.150686364011034,196,wet_sev_z,b09
Non-wetland,2,0.456755026358025,1.81276944248148,2.20358305373412,0.173129835578128,162,wet_sev_z,b09
Non-wetland,3,0.673152301423611,1.97601139744792,2.09640389040642,0.123531783917687,288,wet_sev_z,b09
Non-wetland,4,0.8670324137182,1.61531110489628,2.01346915746135,0.0890706314867058,511,wet_sev_z,b09
Non-wetland,5,1.07246935730183,1.42998837575915,1.91149927417875,0.074631508123959,656,wet_sev_z,b09
Non-wetland,6,1.28026445147265,1.48420573968724,2.00459165188854,0.0750725473419255,713,wet_sev_z,b09
Non-wetland,7,1.48064172157895,1.67630651097053,2.7254436552837,0.0884250685943885,950,wet_sev_z,b09
Non-wetland,8,1.68593088770764,1.79484530244851,2.44625887427693,0.0814063980222532,903,wet_sev_z,b09
Non-wetland,9,1.88932582014599,1.63858246096934,2.23888536652938,0.0855434126731307,685,wet_sev_z,b09
Non-wetland,10,2.09012075448819,2.00372352912598,2.78419708465555,0.110487491052436,635,wet_sev_z,b09
Non-wetland,11,2.29651232348178,1.82432420166599,2.37898066879798,0.107035400539508,494,wet_sev_z,b09
Non-wetland,12,2.49791569054054,1.82106935961824,2.39316199074602,0.139099715277841,296,wet_sev_z,b09
Non-wetland,13,2.70320901216216,1.7747128629955,1.98563113850564,0.133266836202958,222,wet_sev_z,b09
Non-wetland,14,2.89208099448819,1.97186550106299,2.13724165850083,0.1896495297866,127,wet_sev_z,b09
Non-wetland,15,3.1171447411215,1.74465448418692,1.8886610620149,0.182583756408954,107,wet_sev_z,b09
Wetland,1,827.514159619986,4.33008835714074,4.56719602208768,0.121158144263208,1421,ppt,b10
Wetland,2,891.82962340538,4.44904551856245,4.87502765282277,0.106840699052191,2082,ppt,b10
Wetland,3,975.961513781291,3.73924653414361,3.69384654742276,0.134078135420245,759,ppt,b10
Wetland,4,1053.34586507246,3.05893141911594,4.21192018844844,0.25352780250777,276,ppt,b10
Wetland,5,1156.32599116945,1.76055254401193,2.87211418388517,0.140311959671682,419,ppt,b10
Wetland,6,1233.65507475822,1.61298987223211,2.09369720657705,0.0651108858733716,1034,ppt,b10
Wetland,7,1310.68535849732,2.54625787630412,3.31271991407876,0.140113123407002,559,ppt,b10
Wetland,8,1377.2747192,2.67895447056,3.76079062382391,0.336375339360564,125,ppt,b10
Wetland,9,1471.72055238095,1.39508576761905,1.63704214495097,0.357231883098605,21,ppt,b10
Wetland,10,1552.8745,1.07828283333333,0.591503695676025,0.197167898558675,9,ppt,b10
Wetland,11,1641.491725,1.08494768416667,1.43738426596375,0.293404834659677,24,ppt,b10
Wetland,12,1724.96089230769,1.79658768038462,1.82100375760455,0.357128219013514,26,ppt,b10
Wetland,13,1792.2648,2.0321969575,2.80832756316607,0.702081890791517,16,ppt,b10
Wetland,14,1903.6205,1.03540210038462,0.884196386547625,0.245231954559803,13,ppt,b10
Wetland,15,1971.50052631579,2.24681018657895,3.05334698970122,0.700485840403776,19,ppt,b10
Non-wetland,1,825.670166292948,2.60157475759584,3.06189656271777,0.0920688994341874,1106,ppt,b10
Non-wetland,2,898.499879406964,2.00453872444342,2.83783449771742,0.0661933422763694,1838,ppt,b10
Non-wetland,3,973.184504611211,1.49969949474141,1.96325240388868,0.0590335056835213,1106,ppt,b10
Non-wetland,4,1055.75381304687,1.28911247386719,1.60439592505582,0.0818739867039036,384,ppt,b10
Non-wetland,5,1151.05174520256,1.2383308064371,1.59808730655441,0.0737928154691368,469,ppt,b10
Non-wetland,6,1232.36829371197,1.16985375130629,1.45768847348179,0.0464222581358089,986,ppt,b10
Non-wetland,7,1309.53617881508,1.8229637204632,2.10734362652647,0.0892910151497132,557,ppt,b10
Non-wetland,8,1374.88450955056,1.83832547146067,2.2373961793223,0.167699933724033,178,ppt,b10
Non-wetland,9,1467.39309,1.270785651,1.22754995485959,0.224118933580349,30,ppt,b10
Non-wetland,10,1557.29702777778,0.906265032222222,0.822643078059168,0.193898832997271,18,ppt,b10
Non-wetland,11,1646.92620952381,1.2657126712381,0.90616544067741,0.197741510669393,21,ppt,b10
Non-wetland,12,1730.160325,0.8811111076,0.807865893518491,0.180644305461095,20,ppt,b10
Non-wetland,13,1816.70150769231,0.682983685923077,0.601981586981972,0.166959652211437,13,ppt,b10
Non-wetland,14,1885.26984166667,0.783796305833333,0.972882326531252,0.198588773314445,24,ppt,b10
Non-wetland,15,1964.60999411765,0.935294107058824,0.715128164820956,0.173444056435936,17,ppt,b10
Wetland,1,0.225228467897196,2.80170591614953,4.00318565759578,0.38700256476221,107,wet_sev_z,b10
Wetland,2,0.429154078053691,3.23778847198658,4.7085130594776,0.385736419650482,149,wet_sev_z,b10
Wetland,3,0.651890176617647,2.61456072303309,2.96184061388402,0.179587966136589,272,wet_sev_z,b10
Wetland,4,0.836943075362832,2.35746831718938,3.14162091830089,0.132168985385703,565,wet_sev_z,b10
Wetland,5,1.04453302204918,2.58529858894809,3.55388365066347,0.131355319453406,732,wet_sev_z,b10
Wetland,6,1.2467343257931,2.92551670663035,3.56475999505838,0.132391862560478,725,wet_sev_z,b10
Wetland,7,1.44964735196182,2.80704030413361,3.43917198989586,0.111994849033594,943,wet_sev_z,b10
Wetland,8,1.64632373521851,3.3968879107982,4.17152936253335,0.149556573464439,778,wet_sev_z,b10
Wetland,9,1.84870442875399,3.81204117302396,4.25910074713747,0.170227901993298,626,wet_sev_z,b10
Wetland,10,2.06726850142566,5.07771728631568,5.53954502427369,0.249996167286121,491,wet_sev_z,b10
Wetland,11,2.2621238523918,4.10762481663098,4.33647173304565,0.206968503603963,439,wet_sev_z,b10
Wetland,12,2.47899987147541,3.87042806092459,4.42179538362902,0.253191267134273,305,wet_sev_z,b10
Wetland,13,2.67800362338462,4.45003347596923,5.13083207377746,0.284607355812306,325,wet_sev_z,b10
Wetland,14,2.87542320041841,4.54759231548954,5.20270931818324,0.336535289448191,239,wet_sev_z,b10
Wetland,15,3.09355960555556,4.52758938738095,4.09942426701751,0.36520574024301,126,wet_sev_z,b10
Non-wetland,1,0.223344309453552,1.40834681977049,1.43790823213439,0.106293235087442,183,wet_sev_z,b10
Non-wetland,2,0.427013785421053,1.84953032742632,2.39430800284371,0.173701359151145,190,wet_sev_z,b10
Non-wetland,3,0.642799173183674,1.84839199190204,1.905859379278,0.121760889360605,245,wet_sev_z,b10
Non-wetland,4,0.838155102041667,1.74881094355,2.13196225671871,0.0973103183128715,480,wet_sev_z,b10
Non-wetland,5,1.04341497936982,1.40349487965672,1.76424753136536,0.071845713537963,603,wet_sev_z,b10
Non-wetland,6,1.24312736457726,1.42884764745044,1.70849073683031,0.0652304794458773,686,wet_sev_z,b10
Non-wetland,7,1.45528333510158,1.78886628410497,2.94482244277363,0.0989332448139488,886,wet_sev_z,b10
Non-wetland,8,1.65166876662818,1.60507601062933,2.03177198525261,0.0690424226121778,866,wet_sev_z,b10
Non-wetland,9,1.85345093047337,1.80356366016124,2.49624204811397,0.0960093095428449,676,wet_sev_z,b10
Non-wetland,10,2.06985305867508,2.05031034035647,2.81401940696784,0.111758987689243,634,wet_sev_z,b10
Non-wetland,11,2.26378755021368,1.93831580060897,2.79156863393629,0.129040305751721,468,wet_sev_z,b10
Non-wetland,12,2.46737742100314,1.80412714212226,2.51073591883461,0.140574223794336,319,wet_sev_z,b10
Non-wetland,13,2.68312826575876,1.8126075179572,2.00287116910676,0.124935670918502,257,wet_sev_z,b10
Non-wetland,14,2.87170619798658,2.45986825242282,2.72899829223278,0.223568251203904,149,wet_sev_z,b10
Non-wetland,15,3.09382234339623,2.15026732707547,3.35977787349002,0.326330474918161,106,wet_sev_z,b10
Wetland,1,832.6237507,4.5089648867975,4.66571198442022,0.116642799610505,1600,ppt,b11
Wetland,2,898.801346204489,4.41253469931173,4.78657457904637,0.106897522887053,2005,ppt,b11
Wetland,3,986.843524694408,4.20267419662809,4.66830805522524,0.168343494046017,769,ppt,b11
Wetland,4,1077.93312715517,2.21898380022845,3.64404637321084,0.239243365220862,232,ppt,b11
Wetland,5,1178.79985528053,1.76253645072607,2.82172385068811,0.114624696029427,606,ppt,b11
Wetland,6,1251.4315993988,1.69971574185972,2.27842815323398,0.0721223829729758,998,ppt,b11
Wetland,7,1336.54382071823,2.66372434858564,2.83826740245169,0.149176022763238,362,ppt,b11
Wetland,8,1425.90947297297,2.41795664216216,3.99264808937677,0.656387302560211,37,ppt,b11
Wetland,9,1516.561476,1.60036362944,1.79784293867792,0.359568587735584,25,ppt,b11
Wetland,10,1603.90627826087,1.72312252178261,1.71744786268378,0.358112634761083,23,ppt,b11
Wetland,11,1705.65475714286,1.1813492125,1.26983343697704,0.339377261388406,14,ppt,b11
Wetland,12,1785.89098235294,0.957397488588235,0.617974027054074,0.14988071690778,17,ppt,b11
Wetland,13,1875.9317,1.43776221230769,2.31066603469833,0.640863451429068,13,ppt,b11
Wetland,14,1949.35957222222,0.941638616166667,1.48237827842444,0.349399910985854,18,ppt,b11
Wetland,15,2048.67848181818,1.60468319,1.7179600663083,0.517984449523518,11,ppt,b11
Non-wetland,1,831.312707742699,2.64022210579321,3.20919521267896,0.0901587388721307,1267,ppt,b11
Non-wetland,2,906.717736875337,1.8521937335564,2.5059242738522,0.0582143742172455,1853,ppt,b11
Non-wetland,3,986.36369691914,1.59487105163153,2.03087599779248,0.064973479499641,977,ppt,b11
Non-wetland,4,1080.62546358382,1.35206335062717,1.64275081113804,0.0883148307365154,346,ppt,b11
Non-wetland,5,1175.65690888554,1.16529564069578,1.55491084737146,0.0603422435806921,664,ppt,b11
Non-wetland,6,1254.56724769392,1.32547192078931,1.96838798202343,0.0637289139524434,954,ppt,b11
Non-wetland,7,1338.18430572792,1.87992220515036,2.15778050912946,0.105414476024683,419,ppt,b11
Non-wetland,8,1421.41735510204,1.4520253577551,1.40474592690692,0.200677989558132,49,ppt,b11
Non-wetland,9,1511.12121818182,1.06997245954545,0.992840008294586,0.211674200994916,22,ppt,b11
Non-wetland,10,1611.85309090909,0.725275484681818,0.905036244727908,0.192954375703781,22,ppt,b11
Non-wetland,11,1692.130925,0.5175189379375,0.473564373676441,0.11839109341911,16,ppt,b11
Non-wetland,12,1784.30764285714,0.699374705714286,0.810716373150898,0.176912816528765,21,ppt,b11
Non-wetland,13,1879.02845416667,0.861426766416667,1.67155488515211,0.341204712139934,24,ppt,b11
Non-wetland,14,1965.78282777778,0.767045455666667,0.739853139312888,0.174385057296766,18,ppt,b11
Non-wetland,15,2056.89818571429,0.556066616428572,0.334743895346968,0.0894640691930332,14,ppt,b11
Wetland,1,0.213865676048077,2.44877241064423,3.58243909886178,0.351287055218346,104,wet_sev_z,b11
Wetland,2,0.41498055762963,2.9650730572,3.66614123592213,0.315531198923793,135,wet_sev_z,b11
Wetland,3,0.638882127871486,2.25278473881526,2.31076315724685,0.146438664996584,249,wet_sev_z,b11
Wetland,4,0.83015077540146,2.15345066755839,2.76974168196326,0.118317500794131,548,wet_sev_z,b11
Wetland,5,1.04035075396999,2.48036895591542,3.43696862485046,0.126947332690474,733,wet_sev_z,b11
Wetland,6,1.24293716234483,2.89161835771586,3.38650017885073,0.125771459189667,725,wet_sev_z,b11
Wetland,7,1.45234929207921,3.3021698650187,3.76525471025499,0.124885615577235,909,wet_sev_z,b11
Wetland,8,1.6548452005102,3.32422281717985,4.33570016172518,0.154846434347328,784,wet_sev_z,b11
Wetland,9,1.863129509,4.054451873785,4.55721949757792,0.186047706915477,600,wet_sev_z,b11
Wetland,10,2.08027783720074,4.88802423637938,5.35657662991061,0.229872705554488,543,wet_sev_z,b11
Wetland,11,2.27267400842572,4.80123511058315,5.13293155693448,0.24170030722025,451,wet_sev_z,b11
Wetland,12,2.49365101054217,4.05541483248494,4.66625150304145,0.256093821578562,332,wet_sev_z,b11
Wetland,13,2.69920554567901,4.45433492469136,5.1174751234046,0.284304173522478,324,wet_sev_z,b11
Wetland,14,2.90248400742358,4.6342917559214,5.21578502325769,0.344668775934376,229,wet_sev_z,b11
Wetland,15,3.11789938947368,4.58676695673684,3.90470812342812,0.40061460058483,95,wet_sev_z,b11
Non-wetland,1,0.205242597468421,1.98453528816842,3.30353281277127,0.239663459712468,190,wet_sev_z,b11
Non-wetland,2,0.418221194756757,1.86492947683243,2.78596827582189,0.204828461307373,185,wet_sev_z,b11
Non-wetland,3,0.626076064932735,1.76953228189238,1.95967739735632,0.131229704844877,223,wet_sev_z,b11
Non-wetland,4,0.826174908537634,1.63396508905806,2.18793183896301,0.101462909499922,465,wet_sev_z,b11
Non-wetland,5,1.03584374182274,1.55097205773244,2.14645700736409,0.0877751544186321,598,wet_sev_z,b11
Non-wetland,6,1.24612190619335,1.5624756824003,2.22825907760019,0.0866037484179626,662,wet_sev_z,b11
Non-wetland,7,1.4528598294702,1.72522228286865,2.36392196940715,0.0785360470198716,906,wet_sev_z,b11
Non-wetland,8,1.65997472134969,1.75001987977423,2.42325168650152,0.0848828043468298,815,wet_sev_z,b11
Non-wetland,9,1.86575413221289,1.77856176703361,2.4762114780913,0.0926698855130185,714,wet_sev_z,b11
Non-wetland,10,2.0825583309329,1.95617709779542,2.85228013070964,0.115390902868809,611,wet_sev_z,b11
Non-wetland,11,2.27821517468619,1.83715353316736,2.4570180852979,0.11238139141775,478,wet_sev_z,b11
Non-wetland,12,2.48733303772242,1.57103758575445,2.2034566276667,0.131447202098528,281,wet_sev_z,b11
Non-wetland,13,2.70483381115385,2.0457436968,2.48862172971529,0.154337767869087,260,wet_sev_z,b11
Non-wetland,14,2.90093491614907,2.23085481099379,2.4977448766336,0.196849872940534,161,wet_sev_z,b11
Non-wetland,15,3.11223830697674,1.94963444151163,1.91527795217825,0.206529733038783,86,wet_sev_z,b11
Wetland,1,821.627400346284,4.35143746032686,4.50168553011264,0.130827578310703,1184,ppt,b12
Wetland,2,884.437985917707,4.21413549387519,4.78847971029085,0.102960203399122,2163,ppt,b12
Wetland,3,960.896711972634,4.47617660179475,4.69443315986242,0.158519744326722,877,ppt,b12
Wetland,4,1032.62143982709,3.08137963458213,3.64409586054882,0.195625315577313,347,ppt,b12
Wetland,5,1125.85324859813,1.85509155270093,3.47592985888901,0.237609673486135,214,ppt,b12
Wetland,6,1195.93693775811,1.42748609429204,2.27601297702496,0.0874097517863654,678,ppt,b12
Wetland,7,1258.9538668578,1.8754059207156,2.71603386200314,0.0919765123809146,872,ppt,b12
Wetland,8,1336.36282309711,2.80692004766929,3.01956120360498,0.154696806692414,381,ppt,b12
Wetland,9,1406.81444237288,1.77878055094915,1.40744623699582,0.183233892858545,59,ppt,b12
Wetland,10,1500.70988571429,0.74040405,0.577944885206006,0.126117913522337,21,ppt,b12
Wetland,11,1568.28727333333,0.799595960666667,0.649081951824682,0.167592239316053,15,ppt,b12
Wetland,12,1643.88537142857,1.67424242614286,2.43542183519894,0.650893864255905,14,ppt,b12
Wetland,13,1713.04315333333,0.892525251466667,1.39435064921181,0.360019789544723,15,ppt,b12
Wetland,14,1793.63902666667,0.813498623333333,0.558175710788922,0.144120348809532,15,ppt,b12
Wetland,15,1874.25222222222,1.06257815944444,1.20010776594264,0.40003592198088,9,ppt,b12
Non-wetland,1,821.201545614919,2.81744508944052,3.18289886481369,0.101057140015025,992,ppt,b12
Non-wetland,2,888.05844192623,2.12906724713583,3.14968034843184,0.0762118576512961,1708,ppt,b12
Non-wetland,3,960.994797013292,1.55868353748084,1.96465366843865,0.0549352026923275,1279,ppt,b12
Non-wetland,4,1038.07962141439,1.49336434695037,1.84802130198601,0.0920564980877711,403,ppt,b12
Non-wetland,5,1124.82087623457,1.28705117691975,1.89190122295608,0.10510562349756,324,ppt,b12
Non-wetland,6,1195.97850134529,1.14356115705531,1.49779718884824,0.0579081848775902,669,ppt,b12
Non-wetland,7,1261.33315,1.41647728291047,1.94834835828969,0.066438127583508,860,ppt,b12
Non-wetland,8,1339.15114880952,1.88791653240714,2.18604357877639,0.106668004399827,420,ppt,b12
Non-wetland,9,1414.18372631579,1.79163058782456,1.49371310379612,0.197847133815002,57,ppt,b12
Non-wetland,10,1487.97241785714,1.32657581607143,1.31684442497717,0.248860204560818,28,ppt,b12
Non-wetland,11,1556.06095,3.4430975916,9.00354293792633,2.84717026949712,10,ppt,b12
Non-wetland,12,1650.00548235294,0.812537148235294,0.929187077901373,0.225360968714493,17,ppt,b12
Non-wetland,13,1722.433875,1.04584235091667,1.0271305738137,0.209662150421305,24,ppt,b12
Non-wetland,14,1792.47706923077,0.939782436923077,0.783326279119431,0.217255620367963,13,ppt,b12
Non-wetland,15,1868.1034,0.9673295609375,1.26523991493878,0.316309978734695,16,ppt,b12
Wetland,1,0.260584677727273,2.14875804870909,2.88764612545919,0.275326255160533,110,wet_sev_z,b12
Wetland,2,0.471019530518519,2.91137930968889,3.27205400900018,0.281613570772198,135,wet_sev_z,b12
Wetland,3,0.695870676037736,2.88750817228302,3.57101544619759,0.185397884339253,371,wet_sev_z,b12
Wetland,4,0.880427133125,1.99962337848191,2.57721648225487,0.104519930078252,608,wet_sev_z,b12
Wetland,5,1.08614908682292,2.44677975349349,3.17704720324791,0.114641816126458,768,wet_sev_z,b12
Wetland,6,1.29543553636364,2.9608967024689,3.59592290600583,0.124367594251578,836,wet_sev_z,b12
Wetland,7,1.49898037418264,3.1414775659549,3.64484299768563,0.122381850520578,887,wet_sev_z,b12
Wetland,8,1.70935371863271,3.29744219205362,4.23399096826695,0.155017423215878,746,wet_sev_z,b12
Wetland,9,1.9006550159322,3.7560370173,4.3385726461363,0.17861620917298,590,wet_sev_z,b12
Wetland,10,2.10755066635514,4.50590627547477,4.65617713047744,0.201304091681752,535,wet_sev_z,b12
Wetland,11,2.31647314950249,4.48627718393284,5.52287381099803,0.275455909430744,402,wet_sev_z,b12
Wetland,12,2.5289901810559,4.11080422861801,5.20923968492826,0.290299578049341,322,wet_sev_z,b12
Wetland,13,2.73842388639456,4.55306178078231,4.90236775518872,0.285911893611566,294,wet_sev_z,b12
Wetland,14,2.92892449944134,5.26471555435754,5.58716999340747,0.417604692224335,179,wet_sev_z,b12
Wetland,15,3.12950205258621,4.81837715017241,5.16653576717376,0.479700803244582,116,wet_sev_z,b12
Non-wetland,1,0.263870515164319,1.84804187013146,2.82249769688021,0.193394355541653,213,wet_sev_z,b12
Non-wetland,2,0.463798979754902,1.97681504565686,2.16479917973941,0.151566258865463,204,wet_sev_z,b12
Non-wetland,3,0.691896675960912,1.83804811395765,2.10859031956552,0.120343605996006,307,wet_sev_z,b12
Non-wetland,4,0.885285615890985,1.68302555325577,2.25538092772335,0.103266798717066,477,wet_sev_z,b12
Non-wetland,5,1.08808993681672,1.42321981948875,1.86943919018999,0.0749576824432557,622,wet_sev_z,b12
Non-wetland,6,1.29832435795756,1.77975784480902,2.52620024800714,0.0919987868463963,754,wet_sev_z,b12
Non-wetland,7,1.49835845751073,1.86903174941416,2.86361096600673,0.0938006959617679,932,wet_sev_z,b12
Non-wetland,8,1.70380304942792,1.81534137587757,2.43680931936581,0.0824263047796043,874,wet_sev_z,b12
Non-wetland,9,1.90764767823529,1.92526381191029,3.08583361241358,0.118336317106481,680,wet_sev_z,b12
Non-wetland,10,2.11024639681742,2.08788833125963,3.15996103011365,0.129328595501796,597,wet_sev_z,b12
Non-wetland,11,2.31296713020305,1.77562896152284,1.9894605750059,0.100227575811514,394,wet_sev_z,b12
Non-wetland,12,2.52718562014389,1.58689474608633,2.05281789643968,0.123119835697751,278,wet_sev_z,b12
Non-wetland,13,2.72989373392071,1.73738931429075,2.01012115752669,0.133416427139079,227,wet_sev_z,b12
Non-wetland,14,2.9267455192,2.259302592296,2.3765437003287,0.212564530617354,125,wet_sev_z,b12
Non-wetland,15,3.13320791485149,2.17926542623762,2.58690447798031,0.257406616311116,101,wet_sev_z,b12
Wetland,1,825.002109126739,4.50938434482149,4.69959989085672,0.13064528688266,1294,ppt,b13
Wetland,2,889.843662304126,4.32862764592583,4.87591010821098,0.104985813517991,2157,ppt,b13
Wetland,3,975.36526599051,4.16848130086596,4.53455618346522,0.156178411001245,843,ppt,b13
Wetland,4,1050.86668122807,2.6357006193614,3.02076019699988,0.178934391267221,285,ppt,b13
Wetland,5,1155.99501515152,1.6922759023986,2.44329828743045,0.117963552916531,429,ppt,b13
Wetland,6,1234.38785416667,1.54297047577846,2.1530324839528,0.068636168711861,984,ppt,b13
Wetland,7,1312.68160036298,2.48215784056443,2.89675468842876,0.123405898703125,551,ppt,b13
Wetland,8,1375.7207,2.18535166738333,2.02238126202401,0.184617306181053,120,ppt,b13
Wetland,9,1476.44256666667,1.44119768952381,1.0467961087796,0.228429638365131,21,ppt,b13
Wetland,10,1559.29522068966,1.28040752472414,1.4480358167977,0.268893500692732,29,ppt,b13
Wetland,11,1635.62009411765,1.16185383035294,1.03294520044545,0.250526009818318,17,ppt,b13
Wetland,12,1724.61400909091,1.71391185140909,2.15654262438403,0.459776432370084,22,ppt,b13
Wetland,13,1805.09073636364,1.14306285636364,1.07122541618651,0.322986615580269,11,ppt,b13
Wetland,14,1887.03157857143,0.877813855,0.84180114505959,0.224980819471927,14,ppt,b13
Wetland,15,1972.67446363636,1.39008268636364,2.84041794286974,0.856418233117459,11,ppt,b13
Non-wetland,1,823.768596114232,2.73266779038296,3.13542538807255,0.095942458782141,1068,ppt,b13
Non-wetland,2,895.217549442658,1.96896285854073,2.75318932667364,0.063735332753633,1866,ppt,b13
Non-wetland,3,971.525009362832,1.52101900326195,1.90322564067975,0.0566175481673183,1130,ppt,b13
Non-wetland,4,1054.39655396088,1.54695754443276,1.96071163777147,0.0969509508042071,409,ppt,b13
Non-wetland,5,1151.01702630435,1.30790993040435,1.64546073957092,0.0767200025710273,460,ppt,b13
Non-wetland,6,1235.2428648847,1.24028261500839,1.78870533282292,0.0579114733897984,954,ppt,b13
Non-wetland,7,1310.75643613139,1.72901128845985,2.16976619989985,0.0926878184169715,548,ppt,b13
Non-wetland,8,1378.01639847328,1.41651862773282,1.23595979443124,0.107986308626451,131,ppt,b13
Non-wetland,9,1477.90756129032,0.752883673548387,0.552864835089492,0.0992974556862313,31,ppt,b13
Non-wetland,10,1550.46176363636,0.922176311454546,1.56397507557443,0.471556227922557,11,ppt,b13
Non-wetland,11,1643.06647647059,1.14999999705882,1.23194084376245,0.298789542549713,17,ppt,b13
Non-wetland,12,1722.41886666667,0.95004811052381,0.821591556207318,0.179285976031267,21,ppt,b13
Non-wetland,13,1808.85982857143,0.935064933571429,0.558781707088063,0.1493406929943,14,ppt,b13
Non-wetland,14,1895.49848333333,0.859911610833333,0.575810432801746,0.117536812411285,24,ppt,b13
Non-wetland,15,1987.60250714286,0.645021645428571,0.521013016278728,0.139246585783191,14,ppt,b13
Wetland,1,0.227731339021739,2.42155473155435,2.89596135499783,0.301924842534652,92,wet_sev_z,b13
Wetland,2,0.429019663529412,3.23892063013725,4.56245739986977,0.368852819059686,153,wet_sev_z,b13
Wetland,3,0.662029720629139,2.36133927417881,2.68740328594792,0.154642681724695,302,wet_sev_z,b13
Wetland,4,0.850081372576271,1.8939393844339,2.3584239675421,0.0970947781824544,590,wet_sev_z,b13
Wetland,5,1.05724247653259,2.50915662466158,3.42426560165507,0.127526315092857,721,wet_sev_z,b13
Wetland,6,1.26675390498615,3.16111002821884,3.69475337851393,0.137504482566269,722,wet_sev_z,b13
Wetland,7,1.46683157283951,3.09828651211625,3.50784504691369,0.112514182339506,972,wet_sev_z,b13
Wetland,8,1.6738352533239,3.25389912443706,3.75922374341651,0.141380159782089,707,wet_sev_z,b13
Wetland,9,1.87324294256055,3.49060044463322,3.89188687732251,0.161881153092099,578,wet_sev_z,b13
Wetland,10,2.09691366895307,4.53855249125632,4.84793916312332,0.205969198432165,554,wet_sev_z,b13
Wetland,11,2.29066249447005,4.55743167578571,5.10600741920319,0.245096199325625,434,wet_sev_z,b13
Wetland,12,2.5069188811828,4.18832012364516,5.09450938290974,0.264138006921415,372,wet_sev_z,b13
Wetland,13,2.70367337040816,4.53237647631292,5.00569548267939,0.29193808905522,294,wet_sev_z,b13
Wetland,14,2.91593198429319,5.56180464020942,6.60010040090567,0.477566504247567,191,wet_sev_z,b13
Wetland,15,3.11895863240741,5.70543863509259,5.76975748561106,0.555195172912734,108,wet_sev_z,b13
Non-wetland,1,0.221350518009709,1.6802223620534,2.010702169257,0.140092258322913,206,wet_sev_z,b13
Non-wetland,2,0.428530089099526,1.77090275112322,1.87246666678941,0.128905921428476,211,wet_sev_z,b13
Non-wetland,3,0.652211074049587,2.01277592408264,2.62243086016515,0.168576240401423,242,wet_sev_z,b13
Non-wetland,4,0.85042772098081,1.61826796614073,2.0631097395916,0.0952655563196406,469,wet_sev_z,b13
Non-wetland,5,1.05725171265905,1.56484539052365,2.17245772598039,0.0877447411192337,613,wet_sev_z,b13
Non-wetland,6,1.26694629252616,1.66730959510015,2.12939388705164,0.082327123996953,669,wet_sev_z,b13
Non-wetland,7,1.47025755909569,1.75789219314932,2.58536618094371,0.0838362424706382,951,wet_sev_z,b13
Non-wetland,8,1.67504502372881,1.6830223709661,2.44971076343141,0.0823461264870769,885,wet_sev_z,b13
Non-wetland,9,1.87726202160393,1.79206402573486,2.51057556405445,0.101567015784153,611,wet_sev_z,b13
Non-wetland,10,2.09136888912711,1.95365196287749,2.85809630121108,0.111845951177447,653,wet_sev_z,b13
Non-wetland,11,2.28900378668224,1.79287919635514,2.17158110792116,0.10496733479748,428,wet_sev_z,b13
Non-wetland,12,2.50202501731449,1.87051677749823,2.48152282155336,0.147511220318161,283,wet_sev_z,b13
Non-wetland,13,2.7101655443038,2.00969971433755,2.31118201148019,0.150127404265006,237,wet_sev_z,b13
Non-wetland,14,2.90211309285714,2.56527796198701,3.00814047998296,0.24240286777846,154,wet_sev_z,b13
Non-wetland,15,3.12729961904762,1.73585258083333,1.92819756313897,0.210383602093184,84,wet_sev_z,b13
Wetland,1,824.675829574303,4.28111217586532,4.42628261118068,0.123142476299088,1292,ppt,b14
Wetland,2,888.440975127641,4.53521267408714,4.97623805938527,0.104399155347065,2272,ppt,b14
Wetland,3,970.473847604423,4.43855662319902,4.76002675813323,0.166838851533487,814,ppt,b14
Wetland,4,1045.57809946032,3.07122805316191,3.43223420096213,0.193384489211192,315,ppt,b14
Wetland,5,1146.23256657382,1.97779995692479,3.07358233702615,0.162217471405486,359,ppt,b14
Wetland,6,1224.1709522869,1.6162710573316,2.35652295741778,0.0759773495136791,962,ppt,b14
Wetland,7,1294.97967651888,2.20889433963218,2.85486781492488,0.115685081847484,609,ppt,b14
Wetland,8,1360.3111297619,2.45521762704762,2.65774232880766,0.205049272335536,168,ppt,b14
Wetland,9,1450.32569354839,2.08492995387097,2.22389343437346,0.399423051956007,31,ppt,b14
Wetland,10,1541.8350125,1.03494318,1.04842360535867,0.262105901339668,16,ppt,b14
Wetland,11,1622.56958333333,1.41989538916667,1.66456269454561,0.480517859889459,12,ppt,b14
Wetland,12,1695.67471578947,1.24274321947368,1.11962811955632,0.25686030671013,19,ppt,b14
Wetland,13,1786.1624,2.19570706333333,2.2779758378966,0.929979741539272,6,ppt,b14
Wetland,14,1869.25108571429,0.954545447142857,0.889960752945309,0.336373546985869,7,ppt,b14
Wetland,15,1942.12768,1.5901515095,1.62598594943361,0.514181904364157,10,ppt,b14
Non-wetland,1,822.319461330685,2.59449911648362,2.93281735181874,0.092420918819717,1007,ppt,b14
Non-wetland,2,893.050538324468,2.01104929072553,2.56789567683646,0.0592240975211024,1880,ppt,b14
Non-wetland,3,967.341215550162,1.52101514387783,1.98146168554689,0.0563607084676262,1236,ppt,b14
Non-wetland,4,1047.83474084091,1.51235825989773,2.03390380128407,0.0969625592324382,440,ppt,b14
Non-wetland,5,1142.67618925831,1.2602032864757,1.77120735763025,0.0895738062239252,391,ppt,b14
Non-wetland,6,1223.13118866091,1.13372176692333,1.32965186773195,0.0436950715272336,926,ppt,b14
Non-wetland,7,1292.45867154213,1.59408223885374,1.99401126048024,0.0795064356007914,629,ppt,b14
Non-wetland,8,1361.22868960396,1.85888080729703,1.62321362442628,0.114208912071909,202,ppt,b14
Non-wetland,9,1441.22846,1.5030303032,1.21013489036412,0.242026978072823,25,ppt,b14
Non-wetland,10,1543.42808125,0.5350273545,0.499772590939084,0.124943147734771,16,ppt,b14
Non-wetland,11,1630.18126363636,1.04338841272727,0.969365991591013,0.292274843512563,11,ppt,b14
Non-wetland,12,1699.572515,0.6566919188,0.588606236147339,0.131616355600574,20,ppt,b14
Non-wetland,13,1772.91963125,0.648200761,0.483805450049008,0.120951362512252,16,ppt,b14
Non-wetland,14,1864.46627222222,1.23097643555556,1.01961988413226,0.240326711434187,18,ppt,b14
Non-wetland,15,1943.77593684211,0.897926640526316,1.08862805179228,0.249748403414005,19,ppt,b14
Wetland,1,0.258055351666667,2.71542753322917,3.49990799893683,0.357207864336691,96,wet_sev_z,b14
Wetland,2,0.466678329781022,3.04186051044526,3.84318275117561,0.328345261347185,137,wet_sev_z,b14
Wetland,3,0.69332089483965,2.59906113082799,3.01220837920452,0.162643964662859,343,wet_sev_z,b14
Wetland,4,0.887750334337979,2.1032573538676,2.69103703603037,0.112321715714539,574,wet_sev_z,b14
Wetland,5,1.08828180343915,2.63387532185185,3.2777849632977,0.119211886556347,756,wet_sev_z,b14
Wetland,6,1.29891005820543,2.90115342506494,3.38994874721387,0.116480017433544,847,wet_sev_z,b14
Wetland,7,1.49732055510638,3.21278476459362,4.41333841334208,0.143947227145409,940,wet_sev_z,b14
Wetland,8,1.71028802346667,3.39518845606533,3.99338874827106,0.145817939887692,750,wet_sev_z,b14
Wetland,9,1.90899863181049,4.05032863645347,4.47318035946166,0.184002053105377,591,wet_sev_z,b14
Wetland,10,2.1142170821366,4.93239222603678,4.89234914102851,0.2047384394232,571,wet_sev_z,b14
Wetland,11,2.31722674579208,5.25506960376238,6.01072515907439,0.299044753670493,404,wet_sev_z,b14
Wetland,12,2.52429005030488,4.26269609492378,4.82941031346569,0.26665957547881,328,wet_sev_z,b14
Wetland,13,2.72694134266667,4.79936145755333,5.26836387482485,0.304169130131903,300,wet_sev_z,b14
Wetland,14,2.92291331822917,4.97605151401042,4.80534598804864,0.346795974968646,192,wet_sev_z,b14
Wetland,15,3.12532563636364,4.18598101252525,4.11364179208995,0.413436555948107,99,wet_sev_z,b14
Non-wetland,1,0.259701917747253,1.54919244109341,1.91456786438965,0.141917212118014,182,wet_sev_z,b14
Non-wetland,2,0.463816386593407,2.11508160368132,3.08790777570964,0.228890952865727,182,wet_sev_z,b14
Non-wetland,3,0.694514398220641,2.09181702381139,2.57574533512069,0.153656084430614,281,wet_sev_z,b14
Non-wetland,4,0.882922754292035,1.42918607787168,1.78282769481898,0.0838571608624219,452,wet_sev_z,b14
Non-wetland,5,1.0897465947561,1.4934138628628,1.74558301032233,0.0681535663527188,656,wet_sev_z,b14
Non-wetland,6,1.29596250267606,1.60787946512253,2.29454000063321,0.0861125517548201,710,wet_sev_z,b14
Non-wetland,7,1.50285016156218,1.71351208546146,2.36861666104586,0.0759343639801975,973,wet_sev_z,b14
Non-wetland,8,1.70246260318544,1.68436861210125,2.25091406955114,0.0759214472531873,879,wet_sev_z,b14
Non-wetland,9,1.90756129186391,1.62924949145118,2.03544652786577,0.0782864049179143,676,wet_sev_z,b14
Non-wetland,10,2.11434099451613,1.85938103831129,2.44242810292355,0.098090273086143,620,wet_sev_z,b14
Non-wetland,11,2.31193686278539,1.68783271915297,2.22276152369407,0.106207653836092,438,wet_sev_z,b14
Non-wetland,12,2.51763555956679,1.83487335376895,2.29940849145598,0.13815806636506,277,wet_sev_z,b14
Non-wetland,13,2.73202282677165,2.23305232822835,2.55252501515788,0.160159663852118,254,wet_sev_z,b14
Non-wetland,14,2.93157239428571,2.50224623842857,2.34322861870275,0.198038963689826,140,wet_sev_z,b14
Non-wetland,15,3.1431948025,2.5702698742625,2.59887446547321,0.290562998489327,80,wet_sev_z,b14
Wetland,1,829.286127439265,4.48155289551017,4.88220431952347,0.125102502995718,1523,ppt,b15
Wetland,2,896.096366578699,4.32911890932754,4.65144902465109,0.100975398569976,2122,ppt,b15
Wetland,3,982.936533198483,4.02461947082048,4.38734583899458,0.155996059429237,791,ppt,b15
Wetland,4,1069.70522981818,2.38232148062909,3.34308461365701,0.201595587380192,275,ppt,b15
Wetland,5,1173.26818934109,1.4900846896124,2.14724244984481,0.0945270780533358,516,ppt,b15
Wetland,6,1248.64425197861,1.6864271297369,2.45998926649905,0.0804502516176143,935,ppt,b15
Wetland,7,1333.41102325581,2.78500395206554,3.52607606982439,0.162129150423014,473,ppt,b15
Wetland,8,1409.05612826087,2.11349561554348,1.6309336262625,0.240468044214942,46,ppt,b15
Wetland,9,1513.82133636364,1.59641874418182,1.2197303219628,0.367762529397274,11,ppt,b15
Wetland,10,1609.62297272727,1.76618456,2.05207398692902,0.437503644027981,22,ppt,b15
Wetland,11,1690.33412,1.5217676626,1.51289440349425,0.478419217436362,10,ppt,b15
Wetland,12,1753.75158947368,1.43971289657895,1.21536153333676,0.278823058088505,19,ppt,b15
Wetland,13,1854.0958125,2.5018466200625,3.19826817757404,0.799567044393509,16,ppt,b15
Wetland,14,1958.32028666667,0.924276077333333,1.03329234380039,0.266794935953503,15,ppt,b15
Wetland,15,2046.9351,2.170202016,1.95980255225232,0.506018843115201,15,ppt,b15
Non-wetland,1,827.336654913644,2.56269659601986,2.96398160518197,0.0871006155720913,1158,ppt,b15
Non-wetland,2,902.625256152305,1.99163178525401,2.81960384278626,0.0631114016098029,1996,ppt,b15
Non-wetland,3,980.070844306358,1.49663689019846,2.04458625772766,0.063460977991507,1038,ppt,b15
Non-wetland,4,1073.44972045455,1.25432502776705,1.58071949337527,0.0842526320862211,352,ppt,b15
Non-wetland,5,1168.98886135593,1.24362651037458,1.80013932147788,0.0741105630378092,590,ppt,b15
Non-wetland,6,1250.3965782471,1.33391520003062,1.77658791544883,0.0577313501230612,947,ppt,b15
Non-wetland,7,1334.77006179039,2.02155027029258,2.32290670549328,0.108542302163755,458,ppt,b15
Non-wetland,8,1419.22864925373,1.89549331501493,1.47696602644572,0.180440118784013,67,ppt,b15
Non-wetland,9,1523.14836,1.27424245168,2.42913123710498,0.485826247420995,25,ppt,b15
Non-wetland,10,1601.04515333333,1.32676768133333,1.35038619287874,0.348668215731186,15,ppt,b15
Non-wetland,11,1682.22639333333,0.807407402,0.740441432929422,0.191181155905174,15,ppt,b15
Non-wetland,12,1779.31049375,0.745738641,0.809602267241848,0.202400566810462,16,ppt,b15
Non-wetland,13,1849.53001818182,0.572314058636364,0.417167249916997,0.125780658436282,11,ppt,b15
Non-wetland,14,1942.51727058824,1.045586148,1.02440654147938,0.248455080829009,17,ppt,b15
Non-wetland,15,2035.14025454545,0.873071627272727,1.56070292935256,0.332742982556266,22,ppt,b15
Wetland,1,0.217764324653465,2.39830940760396,3.38777808120173,0.337096518297395,101,wet_sev_z,b15
Wetland,2,0.426676642898551,3.77591126402174,5.18085246237176,0.44102344934915,138,wet_sev_z,b15
Wetland,3,0.646252338716216,2.75950108128041,3.08223984593326,0.179151552065928,296,wet_sev_z,b15
Wetland,4,0.845710716371841,2.1342795126787,2.88975876196761,0.122774085201459,554,wet_sev_z,b15
Wetland,5,1.05579630336634,2.67105553211033,3.74424044706636,0.140816654926664,707,wet_sev_z,b15
Wetland,6,1.25541886353436,2.94622738752034,3.66738177240309,0.137344526737036,713,wet_sev_z,b15
Wetland,7,1.46751518690355,2.96788457962741,3.37156221931618,0.10742690490365,985,wet_sev_z,b15
Wetland,8,1.66804182934927,3.31400413086321,4.19740269092836,0.152961857382251,753,wet_sev_z,b15
Wetland,9,1.87684779968603,3.631967648146,4.03171088117258,0.159742201207845,637,wet_sev_z,b15
Wetland,10,2.09569591719626,4.82049979588224,5.09826874132253,0.220417378755555,535,wet_sev_z,b15
Wetland,11,2.29275499977579,5.01015003487668,5.40921316982053,0.256133667092586,446,wet_sev_z,b15
Wetland,12,2.50603328029851,4.32092113840298,5.34171873544354,0.291849271302783,335,wet_sev_z,b15
Wetland,13,2.7127278937931,4.27474020041379,4.44086847066368,0.260776775817905,290,wet_sev_z,b15
Wetland,14,2.92447191428571,4.6162595354898,4.48237955403406,0.32016996814529,196,wet_sev_z,b15
Wetland,15,3.12844754724409,4.93019964566929,5.24985372147526,0.465849187323348,127,wet_sev_z,b15
Non-wetland,1,0.211423864918033,1.66766444468306,1.95335628265438,0.144396251389087,183,wet_sev_z,b15
Non-wetland,2,0.422850089949239,1.90782336293401,2.65295239281016,0.18901503174609,197,wet_sev_z,b15
Non-wetland,3,0.642747719488372,2.05007719005116,2.25515986735429,0.153800626413661,215,wet_sev_z,b15
Non-wetland,4,0.835269003986928,1.8082978344488,2.11814602565971,0.0988665898264794,459,wet_sev_z,b15
Non-wetland,5,1.05037871679092,1.41987380950729,1.68094438092865,0.0676722726518031,617,wet_sev_z,b15
Non-wetland,6,1.26511181455882,1.57735570834559,2.11018796507544,0.0809220144549971,680,wet_sev_z,b15
Non-wetland,7,1.46556229021615,1.80285742469738,2.66323236526545,0.0898285982026861,879,wet_sev_z,b15
Non-wetland,8,1.67359401204517,1.72069390867252,2.62734053238749,0.0930651764513041,797,wet_sev_z,b15
Non-wetland,9,1.87930076091794,1.75020203170515,2.50719334801681,0.0935025341920389,719,wet_sev_z,b15
Non-wetland,10,2.08874634976303,1.84275914921327,2.43987251795031,0.0969762263325162,633,wet_sev_z,b15
Non-wetland,11,2.29381612489712,1.66811610602263,2.18323265529744,0.0990334443566734,486,wet_sev_z,b15
Non-wetland,12,2.50420067402597,1.91588993987338,3.06888024671141,0.174865681000414,308,wet_sev_z,b15
Non-wetland,13,2.71678532444444,2.07282872577778,2.4657627268502,0.150061540772367,270,wet_sev_z,b15
Non-wetland,14,2.9163397117284,2.47559149203704,2.80185452238131,0.220134481408224,162,wet_sev_z,b15
Non-wetland,15,3.13795094081633,2.65359265877551,3.26855845832364,0.330174264369328,98,wet_sev_z,b15
Wetland,1,818.360738684211,4.6242445668386,5.09369616227252,0.150862260268396,1140,ppt,b16
Wetland,2,882.36793997249,4.32245529327876,4.66455407262472,0.099880865982793,2181,ppt,b16
Wetland,3,960.979914282536,4.19020280662403,4.78787013279303,0.159684409310184,899,ppt,b16
Wetland,4,1033.00630743662,3.26865281455211,3.86013830384289,0.204874868885452,355,ppt,b16
Wetland,5,1125.86813087558,1.84916907640553,2.75571948791015,0.18707042829661,217,ppt,b16
Wetland,6,1195.58127329094,1.57246462151033,2.36829464708092,0.0944300915314231,629,ppt,b16
Wetland,7,1259.90079293982,1.74566734229398,2.3126945594534,0.0786794666884939,864,ppt,b16
Wetland,8,1338.97988830846,2.72724154173632,2.86298225250081,0.142792576299001,402,ppt,b16
Wetland,9,1410.39286666667,1.72918470571429,1.47950344775949,0.228292338269754,42,ppt,b16
Wetland,10,1489.06152222222,1.69276090977778,1.88131654900362,0.443430563119645,18,ppt,b16
Wetland,11,1580.22208461538,1.82167833076923,1.29576324013662,0.359380061782612,13,ppt,b16
Wetland,12,1644.71140666667,1.920707082,2.1653188645349,0.559082926771494,15,ppt,b16
Wetland,13,1729.66564444444,0.647306407888889,0.39488725863556,0.131629086211853,9,ppt,b16
Wetland,14,1794.1761625,0.76136362125,0.432738052645553,0.152996005751566,8,ppt,b16
Wetland,15,1874.70280588235,1.28877005411765,1.13446456863354,0.275148073235109,17,ppt,b16
Non-wetland,1,817.991972469945,2.58028662851913,2.94867150075877,0.097480072893653,915,ppt,b16
Non-wetland,2,885.2291225,1.98953924904642,2.71510431751052,0.0642100137803038,1788,ppt,b16
Non-wetland,3,959.339922977883,1.56737092899289,2.10434463793767,0.0591425457933646,1266,ppt,b16
Non-wetland,4,1037.74082122685,1.56996657347222,2.05737701123697,0.0989855976051843,432,ppt,b16
Non-wetland,5,1123.26838901099,1.36781847691209,2.18091725709036,0.131995117046361,273,ppt,b16
Non-wetland,6,1197.34058212291,1.15148672897067,1.81361505667932,0.0677779769052708,716,ppt,b16
Non-wetland,7,1261.78764963325,1.41102624372494,1.89630184766126,0.0663026392568564,818,ppt,b16
Non-wetland,8,1339.74624174757,2.03213938973544,2.10261899977112,0.10358860306495,412,ppt,b16
Non-wetland,9,1417.56095689655,2.04124870034483,2.37321768115094,0.311618748111552,58,ppt,b16
Non-wetland,10,1500.18854,0.9417613606,0.904411483143619,0.202232555594054,20,ppt,b16
Non-wetland,11,1563.00718888889,0.651178457777778,0.56750554448314,0.189168514827713,9,ppt,b16
Non-wetland,12,1644.36479,0.8737012971,0.906832408717493,0.286765586760401,10,ppt,b16
Non-wetland,13,1731.23384285714,1.74675323721429,3.94396548438047,1.05406911341526,14,ppt,b16
Non-wetland,14,1792.73349333333,1.20404040473333,0.980725082598027,0.253222127474003,15,ppt,b16
Non-wetland,15,1880.30567692308,0.840792543846154,0.58611283295758,0.162558451725847,13,ppt,b16
Wetland,1,0.220042772966292,2.05189109798876,2.21598115887894,0.234893533054572,89,wet_sev_z,b16
Wetland,2,0.429365471428571,3.09641634761607,3.78144690810202,0.357313146958288,112,wet_sev_z,b16
Wetland,3,0.66279535133758,2.65818117499045,3.06063267911936,0.172721494431104,314,wet_sev_z,b16
Wetland,4,0.856529869830509,2.24852001806441,3.10717943934485,0.127920553127133,590,wet_sev_z,b16
Wetland,5,1.06112443894882,2.69463096645782,3.81583084879709,0.141912276229784,723,wet_sev_z,b16
Wetland,6,1.27112222274939,3.11453625117518,3.98730390042963,0.139073193958564,822,wet_sev_z,b16
Wetland,7,1.47318726680942,2.96878461009529,3.52991951248684,0.115502494780269,934,wet_sev_z,b16
Wetland,8,1.68165955012987,3.27079934653247,3.85970658008831,0.139094170120565,770,wet_sev_z,b16
Wetland,9,1.88736015363924,3.6036670269731,4.25137604152472,0.169110658880259,632,wet_sev_z,b16
Wetland,10,2.10096629783784,4.55623337105766,4.9862980888605,0.211656566252481,555,wet_sev_z,b16
Wetland,11,2.30281645851319,4.629976882753,5.17022894970045,0.253187200969128,417,wet_sev_z,b16
Wetland,12,2.51759061410256,4.15176799336539,4.88281622419232,0.27643503363008,312,wet_sev_z,b16
Wetland,13,2.7175612723127,4.89601843143323,5.64978673889695,0.322450360773434,307,wet_sev_z,b16
Wetland,14,2.92138923872832,4.83933492708671,4.37973956225998,0.33298543280142,173,wet_sev_z,b16
Wetland,15,3.14672794895833,5.94610166809375,5.88260120794281,0.600390471655827,96,wet_sev_z,b16
Non-wetland,1,0.223040860288344,1.81021691519018,2.22424522561644,0.17421633162999,163,wet_sev_z,b16
Non-wetland,2,0.429903118248588,2.02308901706215,2.42249230950824,0.182085672230927,177,wet_sev_z,b16
Non-wetland,3,0.652572935894737,2.0171634889193,2.53646158441559,0.150247017300763,285,wet_sev_z,b16
Non-wetland,4,0.857008452019608,1.88820370010784,2.25018079746545,0.0996396804695943,510,wet_sev_z,b16
Non-wetland,5,1.06469622243781,1.32643891391708,1.69110860705221,0.0688672662899112,603,wet_sev_z,b16
Non-wetland,6,1.27243830943953,1.68568338566372,2.40557001330694,0.0923853597894392,678,wet_sev_z,b16
Non-wetland,7,1.47550144780793,1.70798053437265,2.48263230779937,0.080210209053839,958,wet_sev_z,b16
Non-wetland,8,1.68571432569522,1.68408938150946,2.30543574913325,0.0768905871697418,899,wet_sev_z,b16
Non-wetland,9,1.88911353073395,1.76711661223547,2.27507756833396,0.0889625728087885,654,wet_sev_z,b16
Non-wetland,10,2.0981573088748,1.75455736231062,2.24701211227769,0.0894521397918916,631,wet_sev_z,b16
Non-wetland,11,2.3014264181592,1.75345489373881,2.44600235562114,0.121995509293667,402,wet_sev_z,b16
Non-wetland,12,2.5166110724026,1.86179115269805,2.71163422951243,0.154509699971462,308,wet_sev_z,b16
Non-wetland,13,2.72683817300885,1.84150328483628,2.56206545853591,0.170426059198948,226,wet_sev_z,b16
Non-wetland,14,2.92903652290076,2.19825508152672,3.05290606658558,0.266733641498091,131,wet_sev_z,b16
Non-wetland,15,3.14601219175258,2.23605420587629,2.78406635786108,0.282679109993177,97,wet_sev_z,b16
Wetland,1,821.001575876106,4.31377158689115,4.64606587785172,0.138212124198713,1130,ppt,b17
Wetland,2,885.648529203936,4.45094919976745,4.79422499880084,0.101387056002397,2236,ppt,b17
Wetland,3,965.967566349024,4.21744389079334,4.75332018995588,0.161060110393184,871,ppt,b17
Wetland,4,1038.58265915916,3.09645969089189,3.52742817980728,0.193301873517565,333,ppt,b17
Wetland,5,1140.09741857143,1.53830338823571,2.33732713058222,0.139682012792266,280,ppt,b17
Wetland,6,1213.37394204672,1.40302093746385,1.94474139533694,0.064860756946698,899,ppt,b17
Wetland,7,1275.57157266187,1.96291893675396,2.68270420707808,0.10176077082387,695,ppt,b17
Wetland,8,1348.09604215686,2.63100870778758,2.83816652182389,0.162247180963878,306,ppt,b17
Wetland,9,1431.441015,1.8230303131,2.27690855073539,0.509132229799486,20,ppt,b17
Wetland,10,1518.142125,1.9268939523,2.26153757942222,0.505695176125842,20,ppt,b17
Wetland,11,1607.79789090909,2.20454542454545,3.79793352501828,1.14512004374523,11,ppt,b17
Wetland,12,1671.34071111111,1.82643096,2.41544605499661,0.569326095026131,18,ppt,b17
Wetland,13,1759.86396428571,1.28045763857143,1.0435780943793,0.278907977536412,14,ppt,b17
Wetland,14,1844.79474285714,1.29175686571429,1.8131835946555,0.484593699322863,14,ppt,b17
Wetland,15,1920.41967857143,1.2738095375,2.1764877411943,0.581690816718757,14,ppt,b17
Non-wetland,1,820.573933353973,2.73839717942518,2.99710942095972,0.0962810261532151,969,ppt,b17
Non-wetland,2,889.556360876697,2.16698732301188,3.03500598653596,0.0721802566131831,1768,ppt,b17
Non-wetland,3,963.981115279806,1.54457043657097,1.99123857001062,0.0567076640209849,1233,ppt,b17
Non-wetland,4,1044.36054203883,1.56022373622087,1.96968706132754,0.0970395165173705,412,ppt,b17
Non-wetland,5,1135.07705364078,1.25454685519417,1.8773728943842,0.0924915239434395,412,ppt,b17
Non-wetland,6,1211.79687362637,1.02407223278144,1.13643457310116,0.0397102376969496,819,ppt,b17
Non-wetland,7,1277.29806881868,1.44206849900824,1.7352918562768,0.0643141951336378,728,ppt,b17
Non-wetland,8,1352.23470060423,1.78718379822961,1.95305061184191,0.107349370227617,331,ppt,b17
Non-wetland,9,1432.00683653846,1.31032091490385,1.18782154594669,0.164721211154297,52,ppt,b17
Non-wetland,10,1508.82772857143,1.61688313107143,2.13570375371399,0.570790837574629,14,ppt,b17
Non-wetland,11,1611.17623333333,0.509259260222222,0.413985478209333,0.137995159403111,9,ppt,b17
Non-wetland,12,1670.64046666667,1.223232313,2.06590077695903,0.533413286938619,15,ppt,b17
Non-wetland,13,1748.94505454545,0.8466253475,0.691589734259478,0.147447426768307,22,ppt,b17
Non-wetland,14,1838.63075833333,0.58560606,0.408630743080269,0.117961534758275,12,ppt,b17
Non-wetland,15,1910.94948421053,0.666002134210526,0.586465897774213,0.134544504327929,19,ppt,b17
Wetland,1,0.235981734375,2.60751923295536,2.99202135913861,0.282719444059794,112,wet_sev_z,b17
Wetland,2,0.442587546060606,3.73245040104545,4.57344431039722,0.398067232598935,132,wet_sev_z,b17
Wetland,3,0.678125337009967,2.30682160500997,2.55161051864892,0.147072385266257,301,wet_sev_z,b17
Wetland,4,0.862907050577558,2.0373701620495,2.80356312732316,0.113886967071692,606,wet_sev_z,b17
Wetland,5,1.07075751926797,2.29832369447974,2.88239676539006,0.104213274988513,765,wet_sev_z,b17
Wetland,6,1.27981732374194,2.89460421347484,3.83131986404421,0.137625072268569,775,wet_sev_z,b17
Wetland,7,1.48005204892009,3.08304660467818,3.49757159054559,0.114937333996449,926,wet_sev_z,b17
Wetland,8,1.69069986689281,3.39209357165943,4.2116603289255,0.155138502159958,737,wet_sev_z,b17
Wetland,9,1.88965772512733,3.68523364801358,4.35798460791032,0.179567627483462,589,wet_sev_z,b17
Wetland,10,2.10198213874346,4.55696218476789,4.72766514179625,0.197501044656505,573,wet_sev_z,b17
Wetland,11,2.30335973302961,4.40454302069704,5.04371338802003,0.240723306131785,439,wet_sev_z,b17
Wetland,12,2.52541945771605,4.44358089012346,5.10769214854814,0.283760674919341,324,wet_sev_z,b17
Wetland,13,2.72255839127726,5.08732824151714,5.87319627363786,0.327809849470998,321,wet_sev_z,b17
Wetland,14,2.92663511055556,4.71689181005556,5.42572892136961,0.404409956522302,180,wet_sev_z,b17
Wetland,15,3.12752417837838,5.84590500855856,5.29475937163658,0.502556319317433,111,wet_sev_z,b17
Non-wetland,1,0.243544325764706,1.49970493617647,2.11667554315086,0.16234160343462,170,wet_sev_z,b17
Non-wetland,2,0.442983242178771,2.1733208192067,3.01149610729806,0.225089787228042,179,wet_sev_z,b17
Non-wetland,3,0.668301130671378,1.92222141779505,2.19681664731632,0.130587194945898,283,wet_sev_z,b17
Non-wetland,4,0.857548337180527,1.54275587675456,2.01591575425449,0.0907922793432328,493,wet_sev_z,b17
Non-wetland,5,1.06878162661069,1.47635501313435,1.84742381658547,0.0721848217122504,655,wet_sev_z,b17
Non-wetland,6,1.2812250039031,1.41167701741184,1.76872494242979,0.0648882248593797,743,wet_sev_z,b17
Non-wetland,7,1.48294083532441,1.88504067102678,2.62814284137187,0.0843411174538357,971,wet_sev_z,b17
Non-wetland,8,1.69035085721393,1.7353878010908,2.34912520468176,0.0828472582112607,804,wet_sev_z,b17
Non-wetland,9,1.89139434837758,1.86176923777286,2.69008502988868,0.103312093173627,678,wet_sev_z,b17
Non-wetland,10,2.10150528576159,1.83977062071358,2.54566753424348,0.103581742961789,604,wet_sev_z,b17
Non-wetland,11,2.30027808633094,1.82632675319424,2.60763900047036,0.127696631249817,417,wet_sev_z,b17
Non-wetland,12,2.51528936056338,2.04354088872535,2.95109130141135,0.175115051408521,284,wet_sev_z,b17
Non-wetland,13,2.71725012672065,1.94003858726316,2.28516560031331,0.145401605235575,247,wet_sev_z,b17
Non-wetland,14,2.92282290529801,2.45126597759603,2.77198855744538,0.225581229589477,151,wet_sev_z,b17
Non-wetland,15,3.14421168584906,1.88994561245283,1.89799324641699,0.184349400709439,106,wet_sev_z,b17
Wetland,1,824.247469053302,4.30495704220048,4.48442999868703,0.12648517043431,1257,ppt,b18
Wetland,2,887.190327283105,4.42205519857533,4.63884874598678,0.099126130822995,2190,ppt,b18
Wetland,3,966.369917356181,4.15838342723378,4.48579096559888,0.156937960233847,817,ppt,b18
Wetland,4,1038.93025891061,3.42817874858101,4.83975163209368,0.255788821877805,358,ppt,b18
Wetland,5,1133.71556061776,2.12662888774904,3.56185018966487,0.221322601888339,259,ppt,b18
Wetland,6,1206.61831314363,1.46654877156233,2.3433986517667,0.0862616964387781,738,ppt,b18
Wetland,7,1267.34931858065,1.76462271064,2.3392800949615,0.0840294215961565,775,ppt,b18
Wetland,8,1339.75382391931,2.69574921426801,2.87126528803919,0.154137596697102,347,ppt,b18
Wetland,9,1421.85108709677,2.24418380116129,2.45346324136698,0.440655006477306,31,ppt,b18
Wetland,10,1506.07385833333,1.5983585925,1.76934592032326,0.510766171694099,12,ppt,b18
Wetland,11,1587.51492105263,1.29346092347368,1.25397646627146,0.28768193126608,19,ppt,b18
Wetland,12,1664.235675,1.99268597375,2.79699969764919,0.625428145698995,20,ppt,b18
Wetland,13,1736.29138125,2.223578074375,3.02961802450932,0.757404506127331,16,ppt,b18
Wetland,14,1812.12443333333,2.01543848833333,2.57802602428222,0.7442120095486,12,ppt,b18
Wetland,15,1892.21720952381,0.77807838952381,0.746432971530836,0.162885028250042,21,ppt,b18
Non-wetland,1,824.032575719883,2.66244179644564,2.92397326331781,0.0915083081738256,1021,ppt,b18
Non-wetland,2,890.884075175339,1.94690439102206,2.67357407393997,0.0635844751501131,1768,ppt,b18
Non-wetland,3,964.646124508393,1.49634242029257,1.9125202880351,0.0540726178699907,1251,ppt,b18
Non-wetland,4,1041.80150629921,1.49686126910236,2.00124111055688,0.102526687935692,381,ppt,b18
Non-wetland,5,1128.59076083333,1.16970640213889,1.51823672393763,0.0800181012492533,360,ppt,b18
Non-wetland,6,1205.01252660428,1.00699571457353,1.43419350104242,0.0524393079087334,748,ppt,b18
Non-wetland,7,1268.65528434343,1.42776397032955,1.67299875481437,0.0594474221647446,792,ppt,b18
Non-wetland,8,1345.00915849582,1.8561853105961,1.9075092668328,0.100674488599365,359,ppt,b18
Non-wetland,9,1423.28486888889,1.64179293488889,1.34880393446435,0.201067819052097,45,ppt,b18
Non-wetland,10,1504.47056,0.612525258,0.686805105865801,0.177332315807231,15,ppt,b18
Non-wetland,11,1586.59054444444,0.887205407777778,0.68081203187753,0.226937343959177,9,ppt,b18
Non-wetland,12,1659.81102666667,0.628022653333333,0.541356650186141,0.139777686035304,15,ppt,b18
Non-wetland,13,1722.58206,0.7734848481,0.514612143936386,0.162734648642139,10,ppt,b18
Non-wetland,14,1816.58337894737,1.30422646847368,1.27526815220812,0.292566579020581,19,ppt,b18
Non-wetland,15,1895.51537368421,0.637453479578947,0.648722604780345,0.148827172454105,19,ppt,b18
Wetland,1,0.254798141010101,2.13952198191919,2.44652451900259,0.245884965755645,99,wet_sev_z,b18
Wetland,2,0.467185699925926,3.02860565246667,3.6698182868204,0.315847669076952,135,wet_sev_z,b18
Wetland,3,0.689938487035928,2.60837861444311,2.92320809906696,0.159950830678938,334,wet_sev_z,b18
Wetland,4,0.87910128547993,2.18498221747644,3.02858828973095,0.126521090880192,573,wet_sev_z,b18
Wetland,5,1.08688555950139,2.61409996788089,3.3272572988343,0.123827694671482,722,wet_sev_z,b18
Wetland,6,1.29262867696139,2.95444055053674,3.76653324924176,0.132918071928295,803,wet_sev_z,b18
Wetland,7,1.49319973158996,3.07785682359205,3.76950855352122,0.121914619341032,956,wet_sev_z,b18
Wetland,8,1.69868015838752,3.31581638703511,4.29688264837646,0.154949551309869,769,wet_sev_z,b18
Wetland,9,1.90495119210111,3.87558558017062,4.75067773888669,0.18882248816268,633,wet_sev_z,b18
Wetland,10,2.11168855561594,4.87050739338768,5.02160455996143,0.213733683827754,552,wet_sev_z,b18
Wetland,11,2.31624395558252,4.52915970125243,4.91424483814224,0.242107465954465,412,wet_sev_z,b18
Wetland,12,2.52852061948424,4.33970373811175,4.39454607057201,0.235234657982779,349,wet_sev_z,b18
Wetland,13,2.72625716379928,4.36177980370251,4.45217471062506,0.266544727859261,279,wet_sev_z,b18
Wetland,14,2.92656358121547,5.2096740839779,5.1852787169087,0.385418731693825,181,wet_sev_z,b18
Wetland,15,3.12913672777778,4.82982137275,4.96281612738501,0.477547204514059,108,wet_sev_z,b18
Non-wetland,1,0.259722401459459,1.39310566882703,2.09923521895663,0.154338842819121,185,wet_sev_z,b18
Non-wetland,2,0.4721123972,2.05559482904667,2.11932351245166,0.173042040179652,150,wet_sev_z,b18
Non-wetland,3,0.683392260793104,1.85428003387241,2.14328699324669,0.125858145865733,290,wet_sev_z,b18
Non-wetland,4,0.881880553113402,1.60635451951134,2.02239707064233,0.0918323204265977,485,wet_sev_z,b18
Non-wetland,5,1.08657841321045,1.57992697409063,1.94394916174257,0.0761893746138841,651,wet_sev_z,b18
Non-wetland,6,1.29269358681023,1.47903331732974,1.82134792193256,0.0668187747401629,743,wet_sev_z,b18
Non-wetland,7,1.4975831755531,1.66662502596239,2.30055036460856,0.0765151669569344,904,wet_sev_z,b18
Non-wetland,8,1.69923360163743,1.72806158450409,2.30339198087531,0.0787743436248202,855,wet_sev_z,b18
Non-wetland,9,1.90278112776978,1.62832188472374,2.18376726519299,0.0828350138713247,695,wet_sev_z,b18
Non-wetland,10,2.10744187508039,1.81736857680868,2.49385448616398,0.0999944548153881,622,wet_sev_z,b18
Non-wetland,11,2.313147202746,1.86741576694966,2.74122873252659,0.131130753514306,437,wet_sev_z,b18
Non-wetland,12,2.52280349315069,1.78986126113356,2.56679116670963,0.150210091382295,292,wet_sev_z,b18
Non-wetland,13,2.73143433214286,2.02563786000794,2.77927729549702,0.175078013056507,252,wet_sev_z,b18
Non-wetland,14,2.9233031976378,2.04449846007874,2.11951405615809,0.188076459453084,127,wet_sev_z,b18
Non-wetland,15,3.13463631978022,2.46089187747253,2.38044618466144,0.249538564001313,91,wet_sev_z,b18
Wetland,1,821.083206174274,4.13741329664896,4.15956285369897,0.119826856880123,1205,ppt,b19
Wetland,2,885.407736215853,4.2725805576292,4.71073825697322,0.099688397020628,2233,ppt,b19
Wetland,3,965.959299870588,4.51973133627764,4.78474311697407,0.164115334966282,850,ppt,b19
Wetland,4,1037.63740904192,2.99157689084731,3.65529143638687,0.200008648652247,334,ppt,b19
Wetland,5,1136.37770391459,1.78502273486833,2.67973551860204,0.159859618683435,281,ppt,b19
Wetland,6,1212.94524247685,1.43699122230093,2.0459110635635,0.0696033078450751,864,ppt,b19
Wetland,7,1274.11069822647,2.10911932004638,3.13575777743389,0.115821856193395,733,ppt,b19
Wetland,8,1346.40373571429,2.64794884466071,2.71938598047748,0.148354667849283,336,ppt,b19
Wetland,9,1429.23356285714,2.53683984228571,3.60980600541348,0.610168580843951,35,ppt,b19
Wetland,10,1506.52802727273,1.17286502772727,0.969213911953659,0.206637100330344,22,ppt,b19
Wetland,11,1606.79549166667,1.43661618466667,2.49646949779143,0.720668668286785,12,ppt,b19
Wetland,12,1680.1988625,0.9784090940625,0.979314904926522,0.24482872623163,16,ppt,b19
Wetland,13,1744.22709,0.97113636175,1.42061033219739,0.317658127233193,20,ppt,b19
Wetland,14,1831.05368333333,1.02462122166667,1.07635941171829,0.310718198050172,12,ppt,b19
Wetland,15,1909.28859333333,1.64646463133333,2.43355660964805,0.628341614747992,15,ppt,b19
Non-wetland,1,821.679985458984,2.68760370127051,3.14913655829518,0.0984105174467242,1024,ppt,b19
Non-wetland,2,890.325893507825,2.09279743651646,2.79265050551622,0.0648752251943307,1853,ppt,b19
Non-wetland,3,964.740098627608,1.57537818469502,2.32580774281812,0.0658892843958439,1246,ppt,b19
Non-wetland,4,1044.12923306494,1.38321743055584,1.89586238068054,0.0966220937666085,385,ppt,b19
Non-wetland,5,1134.88122011662,1.23055459508746,1.6450207896057,0.0888227736903632,343,ppt,b19
Non-wetland,6,1211.27890839695,1.04332926153308,1.23639034878034,0.0441005832552923,786,ppt,b19
Non-wetland,7,1277.50374890605,1.56620298006178,1.94348220208162,0.0697220356272333,777,ppt,b19
Non-wetland,8,1350.41453455056,1.79489194215169,1.91219817789724,0.101346300736155,356,ppt,b19
Non-wetland,9,1433.36863809524,1.15782829180952,1.10820359400363,0.17099952699479,42,ppt,b19
Non-wetland,10,1510.15926875,1.025852281,1.34267054299626,0.335667635749066,16,ppt,b19
Non-wetland,11,1599.6353,0.423611112833333,0.490312584680393,0.200169274488688,6,ppt,b19
Non-wetland,12,1674.22374166667,1.41931817095833,2.77736368100447,0.566926987383248,24,ppt,b19
Non-wetland,13,1761.75482307692,0.582750583538462,0.453454718326619,0.125765710617516,13,ppt,b19
Non-wetland,14,1834.92392941176,0.850713021764706,0.85824826987191,0.208155780569735,17,ppt,b19
Non-wetland,15,1916.74974545455,0.581267220909091,0.52895717098555,0.112774047775556,22,ppt,b19
Wetland,1,0.213157508252427,2.18402770691262,3.35348785843457,0.330428977088406,103,wet_sev_z,b19
Wetland,2,0.438695369230769,2.60277788475525,3.21513251404505,0.268862887598418,143,wet_sev_z,b19
Wetland,3,0.660816595275081,2.62889862075728,2.98907273692545,0.170042406919302,309,wet_sev_z,b19
Wetland,4,0.852602298049645,2.18009464235461,3.21779337712166,0.135493543706907,564,wet_sev_z,b19
Wetland,5,1.06202547262341,2.40542606757405,3.12313732408693,0.117291884204701,709,wet_sev_z,b19
Wetland,6,1.26789032891278,2.83093512832258,3.4110229871333,0.11790220224241,837,wet_sev_z,b19
Wetland,7,1.46880582568898,3.05223660956201,3.71195134926113,0.116454271124216,1016,wet_sev_z,b19
Wetland,8,1.68075322348993,3.17333930362282,3.79327509138088,0.138974846446469,745,wet_sev_z,b19
Wetland,9,1.88184445190476,3.65007300275079,3.99077578323223,0.158996312985268,630,wet_sev_z,b19
Wetland,10,2.10093084655172,4.81293830340172,5.2204753199481,0.216768439004848,580,wet_sev_z,b19
Wetland,11,2.30104853386728,4.76595193111213,5.4842976700775,0.26234953597293,437,wet_sev_z,b19
Wetland,12,2.51325605211726,4.04179992876222,4.51067803754214,0.257437993282953,307,wet_sev_z,b19
Wetland,13,2.71731010068027,3.93107298845238,4.51939484393285,0.263576459852398,294,wet_sev_z,b19
Wetland,14,2.92587181698113,4.561125485,4.93609978021809,0.339012724758878,212,wet_sev_z,b19
Wetland,15,3.137615487,6.1957954514,5.09564876615997,0.509564876615997,100,wet_sev_z,b19
Non-wetland,1,0.22241966720442,1.30495567743094,1.50285070151566,0.111706012912004,181,wet_sev_z,b19
Non-wetland,2,0.430638302791878,1.9778502334264,2.96500713861179,0.211248011819183,197,wet_sev_z,b19
Non-wetland,3,0.655505592762238,1.77399781084965,2.04269963876995,0.120787361768709,286,wet_sev_z,b19
Non-wetland,4,0.846408622195122,1.72736099718089,1.92962426970467,0.086994180515501,492,wet_sev_z,b19
Non-wetland,5,1.05838121797277,1.51317816765204,1.78853461755869,0.069565934050666,661,wet_sev_z,b19
Non-wetland,6,1.26957411057564,1.46113700320348,1.87547832703823,0.0686201635646847,747,wet_sev_z,b19
Non-wetland,7,1.47562334564756,1.82204230178344,2.60892596243129,0.0850034011899018,942,wet_sev_z,b19
Non-wetland,8,1.67753772371495,1.67052522978855,2.41882728101117,0.0826738144601285,856,wet_sev_z,b19
Non-wetland,9,1.88263611797432,1.8177035193224,2.69031112785938,0.101611648920834,701,wet_sev_z,b19
Non-wetland,10,2.09586308077519,2.01610203767132,2.88591723784353,0.113632880270533,645,wet_sev_z,b19
Non-wetland,11,2.29068300138249,1.80112710179724,2.13557090984354,0.102510684066867,434,wet_sev_z,b19
Non-wetland,12,2.5073844316129,1.85386858336774,2.70020514728994,0.153361346829816,310,wet_sev_z,b19
Non-wetland,13,2.72201497745098,2.00654938563725,2.1745760726232,0.152250778284906,204,wet_sev_z,b19
Non-wetland,14,2.92463975757576,2.27532814276515,2.65435641674023,0.231032071548552,132,wet_sev_z,b19
Non-wetland,15,3.13696677211538,2.55404745977885,3.44543409472702,0.337852609265596,104,wet_sev_z,b19
Wetland,1,830.096929271814,4.25987420595919,4.75037870096132,0.119020109402894,1593,ppt,b20
Wetland,2,896.013881834515,4.30727992605909,4.71709109870873,0.10256969822794,2115,ppt,b20
Wetland,3,982.629514293059,4.39703739157455,4.8382573094514,0.173459928447295,778,ppt,b20
Wetland,4,1064.71588663793,2.80475833862931,4.33013320285211,0.284287172336978,232,ppt,b20
Wetland,5,1168.00481713781,1.6852607894311,2.5556774400785,0.10742313529209,566,ppt,b20
Wetland,6,1245.01555081967,1.57402162816758,2.22622089781921,0.0671841899465026,1098,ppt,b20
Wetland,7,1330.75229061224,2.79459014781225,3.22705214442309,0.14578335577868,490,ppt,b20
Wetland,8,1406.11882,1.61772006046667,2.20622512254339,0.328884623178322,45,ppt,b20
Wetland,9,1506.9068,1.5086969704,1.5957846307585,0.3191569261517,25,ppt,b20
Wetland,10,1597.43244347826,1.49314887808696,2.17583775105686,0.453693533744885,23,ppt,b20
Wetland,11,1675.76343888889,1.88703705333333,2.71705238936307,0.640415389785913,18,ppt,b20
Wetland,12,1757.95436363636,0.982493763454545,0.792001283594427,0.168855241016895,22,ppt,b20
Wetland,13,1845.7433,1.73553720727273,1.58596803412494,0.478187354426364,11,ppt,b20
Wetland,14,1934.80289545455,1.03198462754545,1.1655810059849,0.248502705446474,22,ppt,b20
Wetland,15,2014.410175,1.147500016,1.61076196000983,0.360177323815279,20,ppt,b20
Non-wetland,1,826.801564066194,2.59651299210402,3.01271993304616,0.0845722626416738,1269,ppt,b20
Non-wetland,2,901.89728692429,1.96208933380179,2.78157156882581,0.0637800686495405,1902,ppt,b20
Non-wetland,3,981.273995711662,1.46124790365932,2.02111493296113,0.061245907059428,1089,ppt,b20
Non-wetland,4,1068.33937176781,1.41287810021372,1.70732576947334,0.0876994339810745,379,ppt,b20
Non-wetland,5,1168.94839443535,1.09535277779542,1.40791238554218,0.0569580384404497,611,ppt,b20
Non-wetland,6,1245.92314970646,1.28120636162916,1.69231391954941,0.0529365310838413,1022,ppt,b20
Non-wetland,7,1329.98860038911,1.85617137731712,2.11452617198292,0.0932677511713548,514,ppt,b20
Non-wetland,8,1407.69126781609,1.16456228667816,1.17749228940737,0.12624042431485,87,ppt,b20
Non-wetland,9,1513.70364137931,1.17749084965517,1.15431488153677,0.214350892289775,29,ppt,b20
Non-wetland,10,1592.83769411765,0.81951871882353,0.59798259417942,0.145032082240153,17,ppt,b20
Non-wetland,11,1673.88601034483,1.01663183351724,1.55716719033369,0.289158688007225,29,ppt,b20
Non-wetland,12,1767.59485333333,0.883838390333333,0.765840584265708,0.197739188580723,15,ppt,b20
Non-wetland,13,1836.8421,0.683484846,0.962922043817763,0.304502686764859,10,ppt,b20
Non-wetland,14,1945.55508,0.7718939388,0.482036165258682,0.107786563313173,20,ppt,b20
Non-wetland,15,2025.63708823529,1.12403447882353,1.0675633844786,0.258922152720421,17,ppt,b20
Wetland,1,0.200931250122222,2.03419853647778,2.63293364440753,0.277535574813855,90,wet_sev_z,b20
Wetland,2,0.428138993453237,2.52671688292806,2.97978130391335,0.252741751484665,139,wet_sev_z,b20
Wetland,3,0.638977515479452,2.39250393985274,2.71238100606366,0.158730092291343,292,wet_sev_z,b20
Wetland,4,0.826607430571924,2.16054265413345,2.93380249379432,0.122135795894614,577,wet_sev_z,b20
Wetland,5,1.03597515228571,2.30227883734694,3.20189749075876,0.118103768171162,735,wet_sev_z,b20
Wetland,6,1.24109602115869,2.80618690630479,3.64634379769869,0.129403899215834,794,wet_sev_z,b20
Wetland,7,1.43850680424628,2.83616154150849,3.19470849557934,0.104089227461805,942,wet_sev_z,b20
Wetland,8,1.6376224978673,3.40962191122631,4.29757750967195,0.147928718470709,844,wet_sev_z,b20
Wetland,9,1.84975357717391,3.80871533402795,4.49662961866957,0.177192029773823,644,wet_sev_z,b20
Wetland,10,2.05634825066922,4.22694493317591,4.55424198116743,0.199143097483663,523,wet_sev_z,b20
Wetland,11,2.24980255059055,4.71341579783465,5.41879510727477,0.240420155581623,508,wet_sev_z,b20
Wetland,12,2.46101850568862,4.04248964149701,4.36539508151509,0.238863791378027,334,wet_sev_z,b20
Wetland,13,2.66688886559486,5.0817786735209,5.80518099150335,0.329181613806918,311,wet_sev_z,b20
Wetland,14,2.86751597333333,5.11777726942857,5.77153441822255,0.398273712657439,210,wet_sev_z,b20
Wetland,15,3.07749870564516,6.10600157840323,5.77798897216678,0.518878727226695,124,wet_sev_z,b20
Non-wetland,1,0.219277378633333,1.63363077785556,2.11328351078925,0.157514852861806,180,wet_sev_z,b20
Non-wetland,2,0.409015312171717,1.69382374637374,2.00321167961709,0.14236205503543,198,wet_sev_z,b20
Non-wetland,3,0.631537228916256,1.81698639334975,2.03735066154335,0.142993983787654,203,wet_sev_z,b20
Non-wetland,4,0.819075149395973,1.6937881232953,1.84430526733667,0.087232645808141,447,wet_sev_z,b20
Non-wetland,5,1.03011080361393,1.48446414530479,1.87893016038032,0.0715815382258927,689,wet_sev_z,b20
Non-wetland,6,1.22967681902017,1.58325466925937,2.2406735150615,0.0850548034982388,694,wet_sev_z,b20
Non-wetland,7,1.4415177732906,1.71683161741026,2.3562103368578,0.0770151441395318,936,wet_sev_z,b20
Non-wetland,8,1.64142482787751,1.78248083051109,2.58639139020501,0.0840464272017037,947,wet_sev_z,b20
Non-wetland,9,1.84471575265363,1.81016725589385,2.65610191808041,0.0992631891749512,716,wet_sev_z,b20
Non-wetland,10,2.05444803234837,1.89046554641524,2.81018211159044,0.110822764224935,643,wet_sev_z,b20
Non-wetland,11,2.25168226292135,1.81745811163109,2.46173823184011,0.106529831960684,534,wet_sev_z,b20
Non-wetland,12,2.45464588942308,1.68334304417308,1.89290039514982,0.107164382267568,312,wet_sev_z,b20
Non-wetland,13,2.6684517553719,1.87357588948347,2.39561880487087,0.153996209278382,242,wet_sev_z,b20
Non-wetland,14,2.85787043202614,1.81348464486928,1.88300494010629,0.152231926698394,153,wet_sev_z,b20
Non-wetland,15,3.07129230654206,2.13410236836449,2.02721853075114,0.195978612494666,107,wet_sev_z,b20
Wetland,1,818.981203695286,4.29376522120875,4.61657554282923,0.133940441506353,1188,ppt,b21
Wetland,2,882.850736446429,4.35854097290715,4.91590019064377,0.103867349048583,2240,ppt,b21
Wetland,3,961.027383789238,4.56557170663565,4.71663558488141,0.157924640172877,892,ppt,b21
Wetland,4,1033.6042137069,3.32367026479885,3.9851386336681,0.213625854111097,348,ppt,b21
Wetland,5,1128.66603114035,2.07925412158772,2.95371340209913,0.195614448728848,228,ppt,b21
Wetland,6,1197.95234385692,1.48787856675272,2.5580374363262,0.100879148904728,643,ppt,b21
Wetland,7,1260.38906827262,1.7629987612691,2.49220160898974,0.0854315708729662,851,ppt,b21
Wetland,8,1338.49688806366,2.86626400306897,3.04426413877288,0.156787579917846,377,ppt,b21
Wetland,9,1412.7101745098,1.44587048160784,1.17956443960917,0.165172059261238,51,ppt,b21
Wetland,10,1493.23945882353,0.839126556470588,0.707089173285957,0.171494314599334,17,ppt,b21
Wetland,11,1579.87929411765,2.12183598388235,2.05828556165369,0.499207575198936,17,ppt,b21
Wetland,12,1642.11277894737,1.63636364136842,1.80454872931554,0.413991871041115,19,ppt,b21
Wetland,13,1735.32753333333,1.04777297066667,1.36808034791108,0.353236826915551,15,ppt,b21
Wetland,14,1794.76567692308,1.56798755123077,1.75403388797109,0.486481470921633,13,ppt,b21
Wetland,15,1908.22758571429,1.52597405285714,1.92695901669177,0.728322049254284,7,ppt,b21
Non-wetland,1,818.91355342827,2.63220786665401,3.093179817567,0.100461810153765,948,ppt,b21
Non-wetland,2,886.269362052303,2.04922403103866,2.82450527655137,0.0673456378598718,1759,ppt,b21
Non-wetland,3,959.913590249433,1.47929169538246,1.95821529508954,0.0538369584643423,1323,ppt,b21
Non-wetland,4,1036.99442973934,1.49738350846682,1.99019765076983,0.0968813058076708,422,ppt,b21
Non-wetland,5,1125.64868318043,1.30166067464526,2.06937186287705,0.114436525504861,327,ppt,b21
Non-wetland,6,1198.86356604046,1.07760010324277,1.41228705238133,0.0536870981358507,692,ppt,b21
Non-wetland,7,1262.42392134969,1.48567570983313,1.93317093037388,0.0677160242025079,815,ppt,b21
Non-wetland,8,1341.44893832487,1.97771672064213,2.09586689867015,0.105588248953706,394,ppt,b21
Non-wetland,9,1412.22209259259,2.15924123185185,3.51783736585217,0.478717030246349,54,ppt,b21
Non-wetland,10,1502.69895,1.431655845,1.66291570668207,0.339441247219231,24,ppt,b21
Non-wetland,11,1578.58973333333,0.872053867833333,0.84299569946509,0.198695991867621,18,ppt,b21
Non-wetland,12,1650.53780714286,0.824025956571429,1.13818946630245,0.304193930295633,14,ppt,b21
Non-wetland,13,1722.06640666667,0.904747464466667,1.70210382392457,0.439481317571721,15,ppt,b21
Non-wetland,14,1795.32187142857,0.939935057857143,0.728718842237092,0.194758302781269,14,ppt,b21
Non-wetland,15,1882.30730666667,0.420808089333333,0.38034506189178,0.0982046727012729,15,ppt,b21
Wetland,1,0.239763735057471,1.7559072511954,2.02009108135277,0.216576496983234,87,wet_sev_z,b21
Wetland,2,0.449328111560284,3.05909983438298,4.44941962822497,0.374708728754074,141,wet_sev_z,b21
Wetland,3,0.682916515137615,2.55493568718654,2.47984368289922,0.137135669019689,327,wet_sev_z,b21
Wetland,4,0.869614659285714,2.01720472326701,2.72155601261268,0.112235078321184,588,wet_sev_z,b21
Wetland,5,1.07810015128307,2.71320399156614,3.46798728176337,0.126129477998609,756,wet_sev_z,b21
Wetland,6,1.28201114063648,3.21250654705875,3.95030767467735,0.138203771311311,817,wet_sev_z,b21
Wetland,7,1.48533601800412,3.21781008975926,3.83480604335205,0.123001461189962,972,wet_sev_z,b21
Wetland,8,1.69502925608392,3.6105102558,4.84221899067123,0.181088722811594,715,wet_sev_z,b21
Wetland,9,1.89720795612245,3.66343001028912,4.49711409473411,0.185457859512229,588,wet_sev_z,b21
Wetland,10,2.10677357928082,4.80002422309932,5.15998821543866,0.213521831610793,584,wet_sev_z,b21
Wetland,11,2.30549017891156,4.10801308478458,4.75810150192108,0.226576261996242,441,wet_sev_z,b21
Wetland,12,2.51956137507246,4.65983969646377,4.92958100493952,0.265399719778914,345,wet_sev_z,b21
Wetland,13,2.73140951637011,4.34613889206406,4.8629606505549,0.290099910932929,281,wet_sev_z,b21
Wetland,14,2.92824138663102,4.80379935636364,4.95291731550089,0.362193185180758,187,wet_sev_z,b21
Wetland,15,3.13416978452381,5.44159453059524,5.21621554100108,0.569135775186725,84,wet_sev_z,b21
Non-wetland,1,0.2482929077,1.862024798185,2.35522604413513,0.166539630703512,200,wet_sev_z,b21
Non-wetland,2,0.452200328857143,2.09042565308571,2.46544726340761,0.186370295129179,175,wet_sev_z,b21
Non-wetland,3,0.669321157116105,1.91602307097004,2.07481337576263,0.126976516514789,267,wet_sev_z,b21
Non-wetland,4,0.864076183107221,1.81393247539169,2.27540008227518,0.106438726421894,457,wet_sev_z,b21
Non-wetland,5,1.07465303647059,1.67098789524483,2.49806411489769,0.0996043390597134,629,wet_sev_z,b21
Non-wetland,6,1.28369667157143,1.37050258707857,1.69195628948801,0.0639499367310982,700,wet_sev_z,b21
Non-wetland,7,1.48618360229406,1.61364320371533,2.28547307370598,0.0738017747117918,959,wet_sev_z,b21
Non-wetland,8,1.69442664629834,1.66711427841879,2.49228716338334,0.0828464285500445,905,wet_sev_z,b21
Non-wetland,9,1.89805240837004,1.79899376120999,2.46730586195596,0.0945473660628926,681,wet_sev_z,b21
Non-wetland,10,2.10727703443804,1.97005473253026,2.67245238120638,0.101444905120713,694,wet_sev_z,b21
Non-wetland,11,2.30707454324324,1.76343747822359,2.5372504537955,0.125766835717145,407,wet_sev_z,b21
Non-wetland,12,2.51950760827338,1.98922969440647,2.48649024592861,0.14912977477142,278,wet_sev_z,b21
Non-wetland,13,2.7242139465812,2.06194152702991,2.23580173290185,0.146158931597322,234,wet_sev_z,b21
Non-wetland,14,2.93486415743243,2.28146844216216,2.15987009289185,0.177540227991274,148,wet_sev_z,b21
Non-wetland,15,3.13766215053763,1.82988188075269,1.86442345775644,0.19333170642157,93,wet_sev_z,b21
Wetland,1,816.237960481587,4.56707416607365,4.49159560676996,0.13802338313327,1059,ppt,b22
Wetland,2,878.301461444142,4.34592858548092,4.78077546304742,0.101880176694509,2202,ppt,b22
Wetland,3,950.112652791444,4.57360554337326,5.04983972613747,0.165147418376568,935,ppt,b22
Wetland,4,1020.20664448037,3.33468375692148,3.89260643912407,0.187066727358932,433,ppt,b22
Wetland,5,1094.263675,2.2455295166875,4.09951598317553,0.32409519527748,160,ppt,b22
Wetland,6,1167.80412966292,1.69466699073258,2.95799197645401,0.140222267644248,445,ppt,b22
Wetland,7,1237.15222022599,1.49350058856045,2.04346817065398,0.0686904311173795,885,ppt,b22
Wetland,8,1303.13260262172,2.42153017638202,3.11633260387394,0.134856900839592,534,ppt,b22
Wetland,9,1360.64888614458,2.49316532003614,2.83265731970177,0.219856846783242,166,ppt,b22
Wetland,10,1433.1661097561,2.08296379804878,2.28553593457646,0.356940744834397,41,ppt,b22
Wetland,11,1518.84789444444,1.23779461027778,1.22280618711644,0.203801031186073,36,ppt,b22
Wetland,12,1587.4314,0.967424249,1.00891098564894,0.31904566710161,10,ppt,b22
Wetland,13,1663.53191904762,1.43715726,1.4068751845466,0.307005334597131,21,ppt,b22
Wetland,14,1729.24524545455,2.54063359781818,3.06289157604971,0.923496557390653,11,ppt,b22
Wetland,15,1793.86884375,1.288352265,1.26058865560725,0.315147163901813,16,ppt,b22
Non-wetland,1,816.033044228356,2.38901219691468,2.78453447117674,0.0986332714394341,797,ppt,b22
Non-wetland,2,879.511243779481,2.15367113734729,2.82234108386317,0.0685324998376594,1696,ppt,b22
Non-wetland,3,951.593591117397,1.56339372644979,2.12247333060642,0.0564439680299849,1414,ppt,b22
Non-wetland,4,1017.2485601341,1.62041551783525,2.38128941522128,0.104226206239774,522,ppt,b22
Non-wetland,5,1094.43346028708,1.26044270946411,1.45564399051584,0.100689000247954,209,ppt,b22
Non-wetland,6,1167.74783233405,1.26554088336403,1.8352733936871,0.084926324406806,467,ppt,b22
Non-wetland,7,1234.7169894198,1.22235545312514,1.42367699875851,0.0480194333621872,879,ppt,b22
Non-wetland,8,1301.35150277778,1.75444891990556,2.19530305813719,0.0944708020449284,540,ppt,b22
Non-wetland,9,1361.17434798206,1.64851854700448,1.79420905254595,0.120149124908645,223,ppt,b22
Non-wetland,10,1445.00860645161,1.366568916,1.21762588035721,0.218692063997174,31,ppt,b22
Non-wetland,11,1509.95373888889,1.11489900811111,1.77373683847836,0.418073782176145,18,ppt,b22
Non-wetland,12,1588.78743333333,1.01599327844444,0.905385803804252,0.301795267934751,9,ppt,b22
Non-wetland,13,1668.0993,0.603354977142857,0.557610341789197,0.149027632449792,14,ppt,b22
Non-wetland,14,1719.33067857143,1.08119288928571,1.01373957812549,0.270933298625595,14,ppt,b22
Non-wetland,15,1794.96025789474,0.802061965315789,0.680673872423164,0.156157295968477,19,ppt,b22
Wetland,1,0.247347397706422,2.45247196486239,3.9020264784598,0.373746352669772,109,wet_sev_z,b22
Wetland,2,0.448864750909091,2.92120395571212,4.14279654601084,0.360584155915464,132,wet_sev_z,b22
Wetland,3,0.673941992426036,2.48317157589941,3.04510291980001,0.165631763384734,338,wet_sev_z,b22
Wetland,4,0.863488688137083,2.11334727815993,2.83111190018369,0.118686384987089,569,wet_sev_z,b22
Wetland,5,1.07333348693151,2.68035330468493,3.16375237697984,0.117095728914104,730,wet_sev_z,b22
Wetland,6,1.27927467896592,2.92575990723267,3.53929054176466,0.121325317208729,851,wet_sev_z,b22
Wetland,7,1.48018308370221,3.28313655189839,4.2057742954226,0.13339906026549,994,wet_sev_z,b22
Wetland,8,1.68814911870883,3.2822860564585,4.16305076814821,0.151109169665582,759,wet_sev_z,b22
Wetland,9,1.88872208238342,3.81891604620898,4.35350678268899,0.180925567510882,579,wet_sev_z,b22
Wetland,10,2.09993552275132,4.85791259171076,4.95358047991567,0.208030826177791,567,wet_sev_z,b22
Wetland,11,2.2939504295122,4.3779206699439,4.94989358644253,0.244457819779763,410,wet_sev_z,b22
Wetland,12,2.51116626231003,4.04420029756839,4.42948727044227,0.244205538268491,329,wet_sev_z,b22
Wetland,13,2.71218434183673,4.99116805436054,5.63026338201281,0.328363628652574,294,wet_sev_z,b22
Wetland,14,2.92127070621762,5.12871197046632,5.75960794948327,0.414585652017545,193,wet_sev_z,b22
Wetland,15,3.14185673130435,5.0568708813913,4.59075571245063,0.42809017753169,115,wet_sev_z,b22
Non-wetland,1,0.236727902791878,1.77112312881726,2.53780327398193,0.180810996720871,197,wet_sev_z,b22
Non-wetland,2,0.44931129,2.39077527406806,2.7365721243506,0.198011409473123,191,wet_sev_z,b22
Non-wetland,3,0.681946399918033,1.70355631102049,1.75491122995573,0.112346679221366,244,wet_sev_z,b22
Non-wetland,4,0.868294807509804,1.51683639413333,1.86184147797567,0.0824437263705614,510,wet_sev_z,b22
Non-wetland,5,1.06974878198601,1.50081251534825,1.93339954062917,0.072305043239799,715,wet_sev_z,b22
Non-wetland,6,1.28360337905918,1.63260994389074,2.40536396253248,0.0936996767698956,659,wet_sev_z,b22
Non-wetland,7,1.48395807890295,1.7435420296403,2.35808775519038,0.0765871298663101,948,wet_sev_z,b22
Non-wetland,8,1.68778735487945,1.68339180378531,2.31193614346491,0.0783369677631389,871,wet_sev_z,b22
Non-wetland,9,1.89242723710407,1.86874244165008,2.75435705371885,0.106970364084706,663,wet_sev_z,b22
Non-wetland,10,2.10069846800643,1.86573880675402,2.39975826111642,0.0962215399255985,622,wet_sev_z,b22
Non-wetland,11,2.30242324549451,1.67656366449011,2.25966948430164,0.105934939377167,455,wet_sev_z,b22
Non-wetland,12,2.51533760380228,1.81617012420152,2.45273552947543,0.151242151888285,263,wet_sev_z,b22
Non-wetland,13,2.71907273992395,1.92987486644487,2.6785145950838,0.165164285491184,263,wet_sev_z,b22
Non-wetland,14,2.9228165248366,2.12887225079739,2.22097730185461,0.179555372698939,153,wet_sev_z,b22
Non-wetland,15,3.14077814939759,2.09379727216867,2.32753669644163,0.255480343083764,83,wet_sev_z,b22
Wetland,1,822.593297059749,4.64370698462736,5.07306824041935,0.142241770251795,1272,ppt,b23
Wetland,2,887.765237889381,4.52324954861417,4.98997367358512,0.104964885116663,2260,ppt,b23
Wetland,3,970.12661925,4.18574116215119,4.50472245296287,0.155427690959294,840,ppt,b23
Wetland,4,1046.00748069841,3.31969917606349,4.50999676162827,0.254109530126797,315,ppt,b23
Wetland,5,1145.29097718833,1.70801135069761,2.80265644649787,0.144344150690117,377,ppt,b23
Wetland,6,1225.39200427263,1.62979457704578,2.39454765922073,0.0763742091898758,983,ppt,b23
Wetland,7,1295.42978386606,2.12778153536377,2.47453634494287,0.0965408575302111,657,ppt,b23
Wetland,8,1362.19247799043,2.29292439444019,3.23111073861277,0.223500603225145,209,ppt,b23
Wetland,9,1452.554845,1.6785101159,1.93285708846972,0.432199984061063,20,ppt,b23
Wetland,10,1536.93345454545,1.39669420545455,1.20634167154427,0.363725699407499,11,ppt,b23
Wetland,11,1609.91811333333,1.831313142,3.56737344655845,0.921091863214896,15,ppt,b23
Wetland,12,1707.96424545455,0.958014002727273,0.780748887418552,0.235404646823161,11,ppt,b23
Wetland,13,1771.42669333333,1.2969696798,1.68832878529489,0.435924617891313,15,ppt,b23
Wetland,14,1853.60987692308,0.901709400769231,0.865813971840298,0.240133590037179,13,ppt,b23
Wetland,15,1952.01375416667,0.57965594175,0.601716708791481,0.122824908853832,24,ppt,b23
Non-wetland,1,823.01570699905,2.51421932724501,2.84093997078461,0.0875483310699066,1053,ppt,b23
Non-wetland,2,892.436286472492,2.05812809740777,2.79829173244962,0.0649887411205645,1854,ppt,b23
Non-wetland,3,968.32043308,1.5360710388784,2.07440508362861,0.0586730360624656,1250,ppt,b23
Non-wetland,4,1048.69938581683,1.50729599049505,2.25228587615562,0.112055410487977,404,ppt,b23
Non-wetland,5,1143.18710358852,1.20556741927273,1.4282214045007,0.0698565923408687,418,ppt,b23
Non-wetland,6,1222.30017505495,1.21628587453626,1.57855640616001,0.0523286353165989,910,ppt,b23
Non-wetland,7,1292.08244720965,1.54766998349623,1.76879972391596,0.068694489047726,663,ppt,b23
Non-wetland,8,1361.50124495798,1.61946172442437,1.54767509767242,0.100320876116023,238,ppt,b23
Non-wetland,9,1448.47055,1.587979786,1.47948569437229,0.270115896104632,30,ppt,b23
Non-wetland,10,1537.61015714286,1.19227994857143,1.70901349538533,0.456753069221776,14,ppt,b23
Non-wetland,11,1628.84849047619,0.724386723619048,0.675566787640777,0.147420759112477,21,ppt,b23
Non-wetland,12,1692.76688,0.877272724,0.838332109776023,0.216456419983564,15,ppt,b23
Non-wetland,13,1794.11992105263,0.948520291421053,1.24068936743458,0.284633661735406,19,ppt,b23
Non-wetland,14,1856.40356,0.606902354333333,0.247448365149522,0.0638908931513566,15,ppt,b23
Non-wetland,15,1950.41966111111,0.771464642222222,0.651231388337053,0.153496710271553,18,ppt,b23
Wetland,1,0.200399027854369,2.25304133247573,3.62296745878052,0.356981591097293,103,wet_sev_z,b23
Wetland,2,0.405872525364238,3.11329593397351,3.84006689018044,0.31250021161381,151,wet_sev_z,b23
Wetland,3,0.638512776035242,2.62698181128634,3.38292759959634,0.224532790930703,227,wet_sev_z,b23
Wetland,4,0.819698456471631,2.22940699565071,2.95140614811516,0.124276617874136,564,wet_sev_z,b23
Wetland,5,1.02362922322206,2.25444833776198,3.29818419894975,0.12565081091964,689,wet_sev_z,b23
Wetland,6,1.22552063764405,3.09553370568246,4.00314050683822,0.143243629562913,781,wet_sev_z,b23
Wetland,7,1.43089839208417,3.17272716335571,3.68260200671529,0.116570729644638,998,wet_sev_z,b23
Wetland,8,1.63090751964736,3.34180043864862,4.01521562145356,0.142494670397328,794,wet_sev_z,b23
Wetland,9,1.82813031413374,3.78116738863526,4.26212682500317,0.166155002670638,658,wet_sev_z,b23
Wetland,10,2.04495055264901,4.77608793942881,5.28751051212607,0.215145751519969,604,wet_sev_z,b23
Wetland,11,2.24395627284483,4.60970939259914,5.40152224728698,0.250759375095206,464,wet_sev_z,b23
Wetland,12,2.45613089102564,4.72100262304487,5.75350833177984,0.325728267491695,312,wet_sev_z,b23
Wetland,13,2.67097818973607,3.97061305168622,4.65000624951325,0.251811956329472,341,wet_sev_z,b23
Wetland,14,2.86373123108808,4.76319515170984,4.91537019409822,0.353816088647257,193,wet_sev_z,b23
Wetland,15,3.07712604957983,5.00382183037815,5.11355743144768,0.468759041187553,119,wet_sev_z,b23
Non-wetland,1,0.200642470721649,1.6009888117732,1.78355017803925,0.12805144016274,194,wet_sev_z,b23
Non-wetland,2,0.403657368407643,1.88887138320382,2.64868762420485,0.21138828539296,157,wet_sev_z,b23
Non-wetland,3,0.613044299867257,1.70591332566814,1.82954245976043,0.121699354134495,226,wet_sev_z,b23
Non-wetland,4,0.82314032073913,1.71629234191304,1.8253744027157,0.0851085203685592,460,wet_sev_z,b23
Non-wetland,5,1.02382749353535,1.46280909185522,1.77914815874292,0.0729993331776004,594,wet_sev_z,b23
Non-wetland,6,1.22687307664756,1.64461576191261,2.3756113193824,0.0899182145172706,698,wet_sev_z,b23
Non-wetland,7,1.43674038324022,1.64828828726034,2.23347230420942,0.0746567454859858,895,wet_sev_z,b23
Non-wetland,8,1.63453696101322,1.66903000811013,2.33936077181804,0.0776344139249068,908,wet_sev_z,b23
Non-wetland,9,1.83990050630872,1.75970875892081,2.46075417223865,0.0901550573029706,745,wet_sev_z,b23
Non-wetland,10,2.04871107055215,1.93805628944018,2.79141060571619,0.109320076356721,652,wet_sev_z,b23
Non-wetland,11,2.25416198888889,1.99431636235028,2.70981300417856,0.117595867991894,531,wet_sev_z,b23
Non-wetland,12,2.45221275411765,1.77784892621471,2.28672952301715,0.124015320583887,340,wet_sev_z,b23
Non-wetland,13,2.6624294486692,1.68690317760456,1.95787900134098,0.120727991151588,263,wet_sev_z,b23
Non-wetland,14,2.8581714374359,2.0011987028718,2.39952134765251,0.171833292762911,195,wet_sev_z,b23
Non-wetland,15,3.06985957954545,2.07894762727273,2.29245970846528,0.244377026030585,88,wet_sev_z,b23
Wetland,1,822.671833267925,4.48298743089811,4.70322701534545,0.129207583041312,1325,ppt,b24
Wetland,2,887.800156098697,4.31589767110569,4.69741662861213,0.101354244868523,2148,ppt,b24
Wetland,3,970.435749929577,4.46862510268193,5.08772523374479,0.174302594443329,852,ppt,b24
Wetland,4,1044.40849353125,2.8645935740625,3.59956790826723,0.201221963312806,320,ppt,b24
Wetland,5,1146.25977551622,1.72615817781416,2.47022790414302,0.134164363362557,339,ppt,b24
Wetland,6,1225.25516741117,1.38962439951066,1.91134229832927,0.0609004295233168,985,ppt,b24
Wetland,7,1296.47221605114,2.38229028433807,3.23167015692316,0.121798151780717,704,ppt,b24
Wetland,8,1360.86287653061,2.53185036521429,3.05028171778622,0.217877265556158,196,ppt,b24
Wetland,9,1460.241588,1.30225589644,1.86769538451817,0.373539076903634,25,ppt,b24
Wetland,10,1536.19890769231,1.84265731769231,1.48671270586138,0.412339914835925,13,ppt,b24
Wetland,11,1621.35618636364,1.73829202363636,3.37238041605187,0.71899392052589,22,ppt,b24
Wetland,12,1701.69493076923,0.558008660769231,0.37586095089039,0.10424507160615,13,ppt,b24
Wetland,13,1781.79621666667,1.66533389883333,1.7470229797957,0.504322093832755,12,ppt,b24
Wetland,14,1850.466,1.44949494166667,1.33063315113149,0.543228709183973,6,ppt,b24
Wetland,15,1959.67129285714,2.17893216257143,3.81714397931228,1.02017464046953,14,ppt,b24
Non-wetland,1,823.225389616123,2.52626152606046,2.90727822843255,0.0900643121547795,1042,ppt,b24
Non-wetland,2,893.597910928382,2.14688480503554,2.75931196821391,0.0635543274688288,1885,ppt,b24
Non-wetland,3,967.607930406091,1.45165720780203,1.90849155111635,0.0555113134662044,1182,ppt,b24
Non-wetland,4,1049.84193167082,1.50328140174813,1.95571233678853,0.09766361352699,401,ppt,b24
Non-wetland,5,1146.97771238739,1.33220085967793,1.91744134702666,0.0909977392958398,444,ppt,b24
Non-wetland,6,1223.33205159166,1.06617149510867,1.23767126185302,0.041005878302291,911,ppt,b24
Non-wetland,7,1293.61825384615,1.63695452678308,2.02509270480343,0.0794306709125161,650,ppt,b24
Non-wetland,8,1361.43185852713,1.71059283153488,1.69078389050666,0.105263607166894,258,ppt,b24
Non-wetland,9,1446.64531025641,1.55341880794872,1.22663009629448,0.196418012721391,39,ppt,b24
Non-wetland,10,1534.50221666667,1.17171717166667,1.03631334781786,0.299157895163722,12,ppt,b24
Non-wetland,11,1629.56813636364,0.78030303,1.00372624626427,0.213995154728471,22,ppt,b24
Non-wetland,12,1692.72874,0.545757586066667,0.446007190998239,0.115158561534995,15,ppt,b24
Non-wetland,13,1777.71867647059,1.00415924529412,0.859945795177494,0.20856749093074,17,ppt,b24
Non-wetland,14,1851.42194285714,0.915476181142857,1.22659712313298,0.327821870454726,14,ppt,b24
Non-wetland,15,1949.84988333333,0.925715498833333,0.616751694782249,0.178040878502845,12,ppt,b24
Wetland,1,0.223446849560976,2.99106230507317,3.94713657099714,0.435888315161051,82,wet_sev_z,b24
Wetland,2,0.436601682738854,2.88450965793631,3.45130951271349,0.275444485633498,157,wet_sev_z,b24
Wetland,3,0.654054681054422,2.81322558427891,3.28119920839706,0.191363423928497,294,wet_sev_z,b24
Wetland,4,0.840390263685185,2.32221359421296,3.16424112386962,0.136167257512574,540,wet_sev_z,b24
Wetland,5,1.05162263503968,2.3532702720291,3.02033391613375,0.10984848249782,756,wet_sev_z,b24
Wetland,6,1.24422871237113,2.78430229396134,3.66136760110745,0.131435437045688,776,wet_sev_z,b24
Wetland,7,1.44984840639413,3.03401758618553,3.51589941461153,0.113831446496079,954,wet_sev_z,b24
Wetland,8,1.65011294967658,3.13544557123933,4.04240655785471,0.145395258125444,773,wet_sev_z,b24
Wetland,9,1.85362214793893,3.67885273470534,4.03388777457171,0.157617037953356,655,wet_sev_z,b24
Wetland,10,2.07057416520076,4.68892770215487,5.2175451668444,0.228147320691986,523,wet_sev_z,b24
Wetland,11,2.26805729439834,4.57122678917013,4.84828591508273,0.220833372128448,482,wet_sev_z,b24
Wetland,12,2.47041288852941,4.62394138486765,6.15810505827037,0.333970137396493,340,wet_sev_z,b24
Wetland,13,2.67827680725552,4.67623707350158,5.05189069682188,0.283742450045531,317,wet_sev_z,b24
Wetland,14,2.87309088481675,4.6325632060733,5.08543875836291,0.367969434232123,191,wet_sev_z,b24
Wetland,15,3.08843392857143,5.05928075246032,5.29570308023655,0.471778727341157,126,wet_sev_z,b24
Non-wetland,1,0.226525298329545,1.72355689625,2.11437670075227,0.159377140496928,176,wet_sev_z,b24
Non-wetland,2,0.424900653654822,1.77062567384772,2.09198494001353,0.149047755595098,197,wet_sev_z,b24
Non-wetland,3,0.650286716707317,2.02310104965447,2.14954893014647,0.13705023414516,246,wet_sev_z,b24
Non-wetland,4,0.839024415938776,1.6665527131551,1.96204164911534,0.0886360067902481,490,wet_sev_z,b24
Non-wetland,5,1.044148129125,1.44508064404375,1.889511147122,0.0746894861147878,640,wet_sev_z,b24
Non-wetland,6,1.25124027752489,1.64312549542247,2.54548664858066,0.0960048472438424,703,wet_sev_z,b24
Non-wetland,7,1.44884465571273,1.57772590332209,2.03125283403983,0.0670048483441803,919,wet_sev_z,b24
Non-wetland,8,1.65864196021622,1.75487069162487,2.36406533035546,0.0777299892468284,925,wet_sev_z,b24
Non-wetland,9,1.85321237184595,1.77762387269854,2.34565899863804,0.0854805658729182,753,wet_sev_z,b24
Non-wetland,10,2.06415725294118,1.87301020408987,2.22582566352144,0.0899736697540139,612,wet_sev_z,b24
Non-wetland,11,2.26329598552632,1.96276264080263,2.89861066329243,0.135739881026955,456,wet_sev_z,b24
Non-wetland,12,2.47798213279221,1.79144988701623,2.51631201825205,0.143380184076159,308,wet_sev_z,b24
Non-wetland,13,2.68502987909836,2.25300830836066,2.75388264754744,0.176299270946659,244,wet_sev_z,b24
Non-wetland,14,2.88165866907895,2.12854329190789,2.1705403127403,0.17605406707717,152,wet_sev_z,b24
Non-wetland,15,3.08117997252747,2.05663778153846,2.37249664354113,0.248705225659781,91,wet_sev_z,b24
